domain,url
1library.net,https://1library.net/article/solubility-farming-processing-stategies-improving-poultry-meat-quality.y4m63jky?msclkid=c31da752ceec11eca87e58e732e98364
aatbs.com,https://aatbs.com/counseling/nce?msclkid=7ee8dc37ceea11eca17424de15d671bc
abaqus-docs.mit.edu,https://abaqus-docs.mit.edu/2017/English/SIMACAEMATRefMap/simamat-c-viscosity.htm?msclkid=1ee38ee4ceed11eca89388f77c681ba4
abzena.com,https://abzena.com/manufacturing/bioconjugates-manufacturing/manufacturing-capabilities/?msclkid=bab366aeceef11ec93086b324835291e
accessiblemeds.org,https://accessiblemeds.org/sites/default/files/2019-11/Xiaohui_%28Jeff%29_Jiang_GRxBiosims2019.pdf?msclkid=5881ec05ceee11ecb1e4f651671ba4fa
adarepharmasolutions.com,https://adarepharmasolutions.com/manufacturing/commercial-scale-manufacturing/?msclkid=0467a653ceef11eca33474fe9ceb5ff7
adelphi-hp.com,https://adelphi-hp.com/product-range/schott-adaptiq-sterile-injection-vials?msclkid=038449d7ceec11ec840d7c325a34f3b6
adelphi-hp.com,https://adelphi-hp.com/product-range/schott-adaptiq-sterile-injection-vials?msclkid=f5b57a5bceeb11ec8e49f423cda80331
ambrx.com,https://ambrx.com/pipeline/?msclkid=cea2e297ceee11ecb54ecc7643b2462e
amplelogic.com,https://amplelogic.com/pharma-focus/stability-management-software/?msclkid=0256114fcef111eca0d7f0db0d0b5b74
amubiochemicalsociety.org,https://amubiochemicalsociety.org/bioavailability/?msclkid=516977fbceed11ec833df3cde4356c70
app.wonder.me,https://app.wonder.me/?spaceId=ba4ae6a2-bcff-4494-bcc8-99ba2702c439&msclkid=516a2294ceed11eca1b9d7e06bed78c8
app.wonder.me,https://app.wonder.me/?spaceId=ba4ae6a2-bcff-4494-bcc8-99ba2702c439&msclkid=5f4edddbceed11eca5c918dffd623367
ardena.com,https://ardena.com/wp-content/uploads/2019/08/Newsletter-mar-impurity-level.pdf?msclkid=bab40addceef11ec97bbb5884ced1d47
ascendiapharma.com,https://ascendiapharma.com/2021/07/26/solubility-enhancement-techniques/?msclkid=db626a8aceec11ec992d6da6753ca01a
ascendiapharma.com,https://ascendiapharma.com/2021/12/22/gmp-requirements-for-clinical-trial-material/?msclkid=bab422a7ceef11ec9d7972e2cc423113
ascendiapharma.com,https://ascendiapharma.com/?msclkid=81fd47a8cef011eca7578a06728fabc2
assets.kpmg,https://assets.kpmg/content/dam/kpmg/ie/pdf/2021/04/ie-2021-kpmg-biopharmaceuticals-deal-trends-stoll-040521.pdf?msclkid=fc4bce46ceee11ecb8a15811e08201a1
assets.thermofisher.com,https://assets.thermofisher.com/TFS-Assets/BID/Handbooks/bioconjugation-technical-handbook.pdf?msclkid=8592fe63ceeb11ec844fc0b34d839c87
assets.thermofisher.com,https://assets.thermofisher.com/TFS-Assets/BID/Handbooks/bioconjugation-technical-handbook.pdf?msclkid=949549c3ceeb11ec98893ae89218c4cc
azeliscanada.com,https://azeliscanada.com/pharma-certification/non-gmp/?msclkid=bab39083ceef11ec93f1ba10e3274dae
barrgisonline.maps.arcgis.com,https://barrgisonline.maps.arcgis.com/apps/dashboards/ac08a03f8018403ba6ae1c2243c00e99?msclkid=467b802dceed11ec967fa5ded49c8897
barrgisonline.maps.arcgis.com,https://barrgisonline.maps.arcgis.com/apps/dashboards/ac08a03f8018403ba6ae1c2243c00e99?msclkid=516a0b05ceed11ec8e37c720cbf2db0a
barrgisonline.maps.arcgis.com,https://barrgisonline.maps.arcgis.com/apps/dashboards/ac08a03f8018403ba6ae1c2243c00e99?msclkid=5f4ec623ceed11eca0bf29f67d0aa74b
beaucapsules.com,https://beaucapsules.com/?msclkid=36dcae49ceee11ecb2840ec7a8c2d0f3
bindingofisaacrebirth.fandom.com,https://bindingofisaacrebirth.fandom.com/wiki/Syringes?msclkid=4d18c8b8ceec11eca3b7346c824c0721
biocentriq.com,https://biocentriq.com/clinical-manufacturing/?msclkid=00c48bdeceea11ec849766aae9288af9
biocentriq.com,https://biocentriq.com/clinical-manufacturing/?msclkid=113250ecceea11eca6e0f6156fe1f089
bipin0309.wordpress.com,https://bipin0309.wordpress.com/2012/05/29/packing-material-cost/?msclkid=836c9125ceed11ec928b3cf63494e77b
bisprofiles.com,https://bisprofiles.com/fl/bioavailability-f04000003512?msclkid=6a824e09ceed11eca0561e17ec860030
blog.papyrusbio.com,https://blog.papyrusbio.com/bioconjugation-maleimide/?msclkid=8592ae62ceeb11ec8644b2fe6fdba672
blog.papyrusbio.com,https://blog.papyrusbio.com/bioconjugation-maleimide/?msclkid=9494f25cceeb11ecaa51247391975386
blog.papyrusbio.com,https://blog.papyrusbio.com/orthogonal-bioconjugation-techniques/?msclkid=8592e0a2ceeb11ecac7ec309affcb684
boselli.torino.it,https://boselli.torino.it/Pharmaceutical_Pipeline.html?msclkid=fc4c68ddceee11ec8a9ed506f324dada
brainmd.com,https://brainmd.com/blog/what-is-bioavailability/?msclkid=398351adceed11ec831b288f1130d18d
buythegloves.com,https://buythegloves.com/sterile-vs-non-sterile-gloves/?msclkid=66676e9aceeb11ec98d779521786ca83
buythegloves.com,https://buythegloves.com/sterile-vs-non-sterile-gloves/?msclkid=77b7f1c9ceeb11ec8e5f807df22e7e7e
calamitymod.fandom.com,https://calamitymod.fandom.com/wiki/The_Syringe?msclkid=4d18f9deceec11ec98a81381a7887c61
calcog.com,https://calcog.com/css/clinical-supply-distribution/?msclkid=d7eb758cceea11ec95613536cd7c4390
calcog.com,https://calcog.com/css/clinical-supply-distribution/?msclkid=f219a611ceea11ec8d3e088437f6dbee
capsulehotel.ch,https://capsulehotel.ch/en/zurich-airport/?msclkid=0b2e1dd4ceee11eca98b55a52769b576
capsulehotel.ch,https://capsulehotel.ch/en/zurich-airport/?msclkid=17ed5a63ceee11ec958ac80db170e79c
capsulenz.com,https://capsulenz.com/?msclkid=0b2e4eabceee11eca1729c5ab96536e6
carolefranck.com.au,https://carolefranck.com.au/product/highly-active-caviar-serum-serum-suractif-marin/?msclkid=7eac1ee8cef111ecb33248eed93bbbd4
cdmo.seqens.com,https://cdmo.seqens.com/regulatory/qualifying-vs-validating-analytical-methods-in-gmp-manufacturing-how-to-choose-the-best-approach/?msclkid=bab3d90bceef11ecb9ce31ad350d1c1e
cdnmedia.eurofins.com,https://cdnmedia.eurofins.com/apac/media/10816/the-microbiological-parameters-in-establishing-stability-study-protocol-by-thu-phan-manager-of-general-microbiology-testing.pdf?msclkid=f4e9cd77cef011ec9f9b3ffc6b9e5599
certifications.controlunion.com,https://certifications.controlunion.com/en/certification-programs/certification-programs/non-gmo?msclkid=9aa4b3dbceef11ec80a7a7a95f56b42c
chemistry-buchwald.mit.edu,https://chemistry-buchwald.mit.edu/research/bioconjugation?msclkid=8592c7b3ceeb11ec96359dd22f0cea27
ck3.paradoxwikis.com,https://ck3.paradoxwikis.com/Traits?msclkid=368b0ef2ceeb11ec932aa7d8d002e70a
consteril.com,https://consteril.com/what-is-a-gmp-sterilizer/?msclkid=9aa425acceef11ecb0fed25aa2ef5aa6
cspn.prato.it,https://cspn.prato.it/Pharmaceutical_Pipeline.html?msclkid=fc4c8082ceee11ecb019f34c90db5024
custombiotech.roche.com,https://custombiotech.roche.com/global/en/products/cb/alkaline-phosphatase-recombinant-highly-active-carbohydrate-reduced-3731116.html?msclkid=6321ab76cef111ec978dfc40fd18b212
custombiotech.roche.com,https://custombiotech.roche.com/global/en/products/cb/alkaline-phosphatase-recombinant-highly-active-solution-3731113.html?msclkid=6321c569cef111ec9f077c01680a919b
dan.com,https://dan.com/privacy?msclkid=49ac54b9ceeb11eca31267211a7ddc52
dan.com,https://dan.com/privacy?msclkid=6666e7c8ceeb11ecaeb4f5cbe17f112a
dan.com,https://dan.com/privacy?msclkid=77b7c1a6ceeb11ecb5e665b8daa44344
dashapharma.com,https://dashapharma.com/non-gmp/?msclkid=8cd707ffceef11ec87afa4b3c007e3cd
dbpedia.org,https://dbpedia.org/page/Bioconjugation?msclkid=bdcbcb11ceeb11ecb7ec1ea7a6659713
demo-pharma.lonza.com,https://demo-pharma.lonza.com/-/media/Lonza/knowledge/Lonza_Whitepaper_LBF-for-early-stage-clinical-trials.pdf?msclkid=b300cf97cef011ec83f7998813dd3555
demo-pharma.lonza.com,https://demo-pharma.lonza.com/offerings/mammalian?msclkid=dba44f29ceef11ec9ec943f3e4e8fc0a
developer.nvidia.com,https://developer.nvidia.com/blog/monai-bridges-the-gap-from-innovative-research-to-clinical-production/?msclkid=1b50dcd4ceea11ec8cfd106543b11496
docs.citrix.com,https://docs.citrix.com/en-us/citrix-virtual-apps-desktops/general-content-redirection/usb.html?msclkid=57cca425ceeb11ec875d464b750f8d85
downloads.hindawi.com,https://downloads.hindawi.com/archive/2012/195727.pdf?msclkid=cbe820f3ceec11ecb9a70d2c384cb5a9
e-pharmacokinetics.com,http://e-pharmacokinetics.com/epharma/module/bioavailability/?msclkid=6a820445ceed11ecbcf6107cdbfe8dde
emojipedia.org,https://emojipedia.org/syringe/?msclkid=4d18e1a1ceec11eca210763a7b8610a7
excipientworld.org,https://excipientworld.org/?msclkid=e8d7f235cef111ec988a6f80563392a5
expericservices.com,https://expericservices.com/services/clinical-trial-supply-services/?msclkid=16a0eb3dceeb11ec934e0b8ad2f08e38
expericservices.com,https://expericservices.com/services/clinical-trial-supply-services/?msclkid=f2195cc3ceea11ec862596daf6ea7632
eyenovia.com,https://eyenovia.com/pipeline/?msclkid=cea34544ceee11ecb8239d8378ea336b
eyenovia.com,https://eyenovia.com/pipeline/?msclkid=dc98564aceee11eca7d0eafe560cfd5a
ferndalelabsmfg.com,https://ferndalelabsmfg.com/development/clinical-trial-supply-production/?msclkid=3c229e5dceea11ec9081d7ec37e9604f
filmdaily.co,https://filmdaily.co/health/prima-weight-loss-capsules/?msclkid=0b2e0441ceee11ecb7b3e89f7e93439f
filmdaily.co,https://filmdaily.co/health/prima-weight-loss-capsules/?msclkid=17ed95b3ceee11ecac1eaf154973bc53
filmdaily.co,https://filmdaily.co/health/prima-weight-loss-capsules/?msclkid=28804423ceee11ecbcf78ea2223b2723
filmdaily.co,https://filmdaily.co/health/prima-weight-loss-capsules/?msclkid=36dd12d8ceee11ec89604ec9bcade15a
filmdaily.co,https://filmdaily.co/health/prima-weight-loss-capsules/?msclkid=fd1b44adceed11ec8ab1aeb8765e0488
fldispensaries.app,https://fldispensaries.app/oral-syringes/?msclkid=3f1feb98ceec11ecbd5e7417f0ebb3c9
fluidpower.pro,https://fluidpower.pro/temperature-viscosity-chart/?msclkid=2f2dd220ceed11ecb36c722b6448079d
focusrite.com,https://focusrite.com/en/news/plug-collective-capsule?msclkid=0b2dea83ceee11eca83d31aa48047510
focusrite.com,https://focusrite.com/en/news/plug-collective-capsule?msclkid=17ecdd6cceee11ec9e8f7df9615c0816
focusrite.com,https://focusrite.com/en/news/plug-collective-capsule?msclkid=288012a7ceee11ec9f73620454efae7e
focusrite.com,https://focusrite.com/en/news/plug-collective-capsule?msclkid=36dcc78eceee11ec9a5d7511774b05f0
focusrite.com,https://focusrite.com/en/news/plug-collective-capsule?msclkid=fd1ae074ceed11ecbe3dababd8e22733
fontawesome.com,https://fontawesome.com/icons/vial?style=solid&msclkid=ce91badfceeb11ec89a2bd1df7cb78dc
forestbiofacts.com,https://forestbiofacts.com/bioaapinen_glossary/bioavailability/?msclkid=6a821c87ceed11ecaa0fe784c4ce144d
fridgesrepair.ru,https://fridgesrepair.ru/vial-lyophilization-process-lyophilizer/?msclkid=3af91b3acef011ec9fc4bebd263b9c8f
ganino.com,https://ganino.com/science/does_not_pass_through_the_small_intestine?msclkid=5169db68ceed11eca38a5f414a50b711
gentaur.com,https://gentaur.com/mbs-recombinant/pseudomonas-putida-ssra-binding-protein-smpb-mammalian-cell-01023100388?msclkid=f4a50f2fceef11ec9159593221f20d82
global.oup.com,https://global.oup.com/academic/product/a-decade-of-haart-9780199225859?cc=fr&lang=en&
gmpbio.org,https://gmpbio.org/clinical-production/why-waisman-clinical-production/?msclkid=00c4438eceea11ecbaa5b2cb4b147b23
gmpplus.org,https://gmpplus.org/en/certification/find-gmp-certified-companies/?msclkid=7136b372ceef11ecacc8d520fe7920bb
gmpplus.org,https://gmpplus.org/en/certification/find-gmp-certified-companies/?msclkid=7eb66a77ceef11ec848c0b68d3d0f7f5
gotbeachfries.com,https://gotbeachfries.com/how-to-make-a-viscosity-cup/?msclkid=1ee46e58ceed11ec86e53ceea94ab7cf
gotbeachfries.com,https://gotbeachfries.com/how-to-make-a-viscosity-cup/?msclkid=2f2e4c72ceed11eca74500d3eb1a0dd6
guides.clarahealth.com,https://guides.clarahealth.com/clinical-trial-phases/?msclkid=9f06f6afceea11ecbe21a71d3c2c06f6
happyvials.com,https://happyvials.com/?msclkid=038461f6ceec11ecba22b6b0cb88fd09
healthcare.evonik.com,https://healthcare.evonik.com/en/evonik-markets-new-enteric-protected-ready-to-fill-capsules-for-fast-high-performance-drug-developme-158686.html?msclkid=727eac54ceee11ecab121afeb8369b0d
healthcare.evonik.com,https://healthcare.evonik.com/en/pharmaceuticals/mrna-and-gene-delivery/delivery-systems?msclkid=92a1305ecef011ecb8851cb4816c65be
healthcare.evonik.com,https://healthcare.evonik.com/en/pharmaceuticals/mrna-and-gene-delivery/delivery-systems?msclkid=a258997acef011ec9021648631ae16a6
hypebeast.com,https://hypebeast.com/2022/5/stone-island-cotton-ripstop-off-dye-ovd-capsule?msclkid=fd1b2b92ceed11ec8994984e89e34536
ifif.org,https://ifif.org/wp-content/uploads/2019/04/ICCF_GL_01-Stability-Testing-Step7.pdf?msclkid=02568bfecef111ecb8b9ecf7f927c79a
integrativepharmacology.com,https://integrativepharmacology.com/category/bioavailability/?msclkid=6a826653ceed11ecbb50ff64206e5778
investors.tcr2.com,https://investors.tcr2.com/news-releases/news-release-details/tcr2-therapeutics-establishes-commercial-scale-cell-therapy?msclkid=161f7eccceef11ec83f760a642797e16
investors.tcr2.com,https://investors.tcr2.com/news-releases/news-release-details/tcr2-therapeutics-establishes-commercial-scale-cell-therapy?msclkid=1fd08521ceef11ecbf31ce1f0fe0f5a2
ir.tonixpharma.com,https://ir.tonixpharma.com/news-events/press-releases/detail/1269/commercial-scale-vaccine-manufacturing-facility-advances-in
journals.iucr.org,https://journals.iucr.org/c/issues/2020/02/00/me6063/index.html?msclkid=c31d3bfaceec11ecb790a0ff74027813
journals.iucr.org,https://journals.iucr.org/c/issues/2020/02/00/me6063/index.html?msclkid=cbe76b1aceec11ec90a2c1042bfb7714
keisan.casio.com,https://keisan.casio.com/exec/system/16239097176049#!?msclkid=13617732ceed11ec9d6cc180490974f9
keisan.casio.com,https://keisan.casio.com/exec/system/16239097176049#!?msclkid=1ee40437ceed11ecb0a81612f21fbc7b
klifo.com,https://klifo.com/clinical-trial-supply-solutions/?msclkid=16a13e49ceeb11ecb00595a71b5514c1
leak-detection.pfeiffer-vacuum.com,https://leak-detection.pfeiffer-vacuum.com/en/applications/pharma-industry/?msclkid=53e2cae9cef111ecb9880288bfe60cdc
lgmpharma.com,https://lgmpharma.com/cdmo-services/commercial-scale-up-facilities-equipment/?msclkid=2f95b470ceef11eca6999b11e89df441
lifesciences.n-side.com,https://lifesciences.n-side.com/production-app?msclkid=11322f6fceea11ecb2ff2c167bb5303e
lindstromgroup.com,https://lindstromgroup.com/in/article/pharmaceutical-contamination-types-causes-and-prevention/?msclkid=77b78233ceeb11eca31a4e2ca8390f85
lmtbio.com,https://lmtbio.com/bioconjugates-as-vaccines/?msclkid=a200753dceeb11ec9980dc2cf0ea0c33
lubrizolcdmo.com,https://lubrizolcdmo.com/blog/a-guide-to-solubility-improvement-and-bioavailability-enhancement-techniques/?msclkid=b46c166dceec11eca939655aca2e8214
lubrizolcdmo.com,https://lubrizolcdmo.com/blog/a-guide-to-solubility-improvement-and-bioavailability-enhancement-techniques/?msclkid=db62cf25ceec11ec872eb75b96f20f8a
lubrizolcdmo.com,https://lubrizolcdmo.com/blog/lyophilization-of-pharmaceuticals-an-overview/?msclkid=2d91aa9ccef011ec9bef354dd12b8832
lubrizolcdmo.com,https://lubrizolcdmo.com/blog/lyophilization-of-pharmaceuticals-an-overview/?msclkid=59b4f0a8cef011ec8c0bad8b08fc4527
lubrizolcdmo.com,https://lubrizolcdmo.com/technical-briefs/in-vitro-dissolution-testing-for-solid-oral-dosage-forms/?msclkid=727f2dbdceee11ec824ee46e4779246a
lubrizolcdmo.com,https://lubrizolcdmo.com/wp-content/uploads/2020/03/Lubrizol-Life-Science-Health-Lyophilization-Tech-Brief.pdf?msclkid=2d92e459cef011ec9a2f4fa4ae69552b
lubrizolcdmo.com,https://lubrizolcdmo.com/wp-content/uploads/2020/03/Lubrizol-Life-Science-Health-Lyophilization-Tech-Brief.pdf?msclkid=3af8d013cef011ecb21fb12736137982
lup.lub.lu.se,https://lup.lub.lu.se/luur/download?func=downloadFile&recordOId=2117470&fileOId=2117482&msclkid=68ab9b4aceec11ec9f1164bb614e7828
maritimecleantech.no,https://maritimecleantech.no/?msclkid=6f71fee2ceea11ecb75050d70be9e0eb
maritimecleantech.no,https://maritimecleantech.no/?msclkid=7ee922e2ceea11ec9e46bc824d65cdf6
mathsgee.com,https://mathsgee.com/learn/enrol/index.php?id=142
md.catapult.org.uk,https://md.catapult.org.uk/designing-formulations-for-pre-clinical-and-early-stage-clinical-studies/?msclkid=b300b696cef011eca39ead66bf512165
medflowclinical.com,https://medflowclinical.com/?msclkid=16a179e5ceeb11eca8b42c441dd75d4f
medflowclinical.com,https://medflowclinical.com/?msclkid=2aa8ab6aceeb11ec8bc8beb63213e771
medicalxpress.com,https://medicalxpress.com/news/2021-06-clinical-trials-drug-production-local.html?msclkid=3c228426ceea11ec9a9a634bd48ad526
meliorpharmaceuticals.com,http://meliorpharmaceuticals.com/index.html?msclkid=fc4c350eceee11ec9edbd07e8b86fe82
mes.govmu.org,https://mes.govmu.org/mes/?page_id=6857&msclkid=6f71823eceea11ec87cfdca1464257b4
nairobicoffeeexchange.co.ke,https://nairobicoffeeexchange.co.ke/?msclkid=7ee9521eceea11eca55952056f00c3f8
nce.com.au,https://nce.com.au/?msclkid=552a8dfaceea11ec9f006de01ad84fd3
nce.lk,https://nce.lk/?msclkid=7ee8c2dbceea11ecb337b547cfbf4e8c
nce.uk.com,http://nce.uk.com/?msclkid=7ee90b9fceea11eca9d6da33e6136415
ndibranding.com,https://ndibranding.com/product/multi20/?msclkid=57cd377aceeb11ec8f4a01de3dae8016
ndibranding.com,https://ndibranding.com/product/multi20/?msclkid=66678696ceeb11ecb70cbabc880e970e
ndibranding.com,https://ndibranding.com/product/multi20/?msclkid=77b82328ceeb11ecbb98c3ea4968bfa5
new.siemens.com,https://new.siemens.com/global/en/markets/pharma-industry/good-manufacturing-practice.html?msclkid=7135be18ceef11ecaeb2dfc7666ad9c5
new.siemens.com,https://new.siemens.com/global/en/markets/pharma-industry/good-manufacturing-practice.html?msclkid=7eb61562ceef11ec91aefe66b9ced8ba
news.mit.edu,https://news.mit.edu/2021/snapdragon-drug-chemistry-0611?msclkid=1b509fa2ceea11ecb4c6b3e2642479ad
novel-format-conjugates.com,https://novel-format-conjugates.com/?msclkid=bdcc3c18ceeb11ec9828dc5d3d00f373
olezol.com,https://olezol.com/mixing-blend-viscosity-calculator?msclkid=037f0151ceed11ecaacc9cbbdf018a53
open.spotify.com,https://open.spotify.com/playlist/37i9dQZF1EuQb1ivPo00GW?msclkid=28808cf0ceee11ecb3e5c50a7d5d3a62
open.spotify.com,https://open.spotify.com/playlist/37i9dQZF1EuQb1ivPo00GW?msclkid=36dd2cfdceee11ecbdb023a36e6ca407
open.spotify.com,https://open.spotify.com/playlist/37i9dQZF1EuRA3fXmuJKtp?msclkid=17edb3b3ceee11ec9eec06c4a16a7920
opengovca.com,https://opengovca.com/drug-product/66532?msclkid=3af90249cef011ec9b433cd4690d38f6
opengovca.com,https://opengovca.com/drug-product/66532?msclkid=4a79e96acef011ec8e10e9eda2ac31ea
opengovca.com,https://opengovca.com/drug-product/66532?msclkid=59b59ca3cef011ec922d6e3febc000dc
opengovca.com,https://opengovca.com/drug-product/66532?msclkid=68d0bb08cef011ec96c6ae79dec03a64
origemdestino.mg.gov.br,http://origemdestino.mg.gov.br/540-537?msclkid=dd502889ceeb11ecbd54696f84fa0d82
origemdestino.mg.gov.br,http://origemdestino.mg.gov.br/540-537?msclkid=e7befb7bceeb11ecbe782d495781ec62
ostello.sardegna.it,https://ostello.sardegna.it/Pharmaceutical_Pipeline.html?msclkid=fc4be7d6ceee11ecbfc0beee5cfe9c16
packaging.shiprocket.in,https://packaging.shiprocket.in/packaging-of-pharmaceutical-products?msclkid=836b984aceed11ec84a019ea4726445f
palleonpharma.com,https://palleonpharma.com/pipeline/?msclkid=c1a2c1f7ceee11ec9648abd15d28dfea
particle.dk,https://particle.dk/single-analysis/dissolution-rate-measurements/?msclkid=77cad61aceec11ec87753ca8f5d5eae2
particle.dk,https://particle.dk/single-analysis/dissolution-rate-measurements/?msclkid=98b32214ceec11ec8a21b49d977798f8
pfanstiehl.com,https://pfanstiehl.com/api/manufacturing/?msclkid=161f49e1ceef11ec9f44d834da1f27e2
pfanstiehl.com,https://pfanstiehl.com/api/manufacturing/?msclkid=2f95e640ceef11eca0966e4081eb2629
pharma-excipients.jimdo.com,https://pharma-excipients.jimdo.com/excipientsource/excipient-einecs-numbers/?msclkid=1c5cbf81cef211ecbedaf33aa7522792
pharma.lonza.com,https://pharma.lonza.com/offerings/bioconjugates?msclkid=94956288ceeb11ec893755bcd574d44f
pharma.lonza.com,https://pharma.lonza.com/offerings/bioconjugates?msclkid=a2005cf8ceeb11ec90e352ffdc1214ec
pharma.lonza.com,https://pharma.lonza.com/offerings/mammalian/drug-product-manufacturing?msclkid=dba40891ceef11ec85660cc18202fe7f
pharma.lonza.com,https://pharma.lonza.com/offerings/mammalian?msclkid=dba3998cceef11eca66681133da524c5
pharma.lonza.com,https://pharma.lonza.com/offerings/oral-drug-products-and-intermediates/clinical-packaging-and-supply-services?msclkid=16a1199dceeb11ec922fa627e00bf33c
pharma.lonza.com,https://pharma.lonza.com/offerings/oral-drug-products-and-intermediates/particle-engineering-services?msclkid=58815518ceee11ec8ec00f31e5928697
pharma.lonza.com,https://pharma.lonza.com/offerings/oral-drug-products-and-intermediates/process-development-and-optimization?msclkid=4d41ba08ceee11ecb530d75c0c27555b
pharma.lonza.com,https://pharma.lonza.com/offerings/oral-drug-products-and-intermediates/process-development-and-optimization?msclkid=5880f0ceceee11ecb6af2c8ab445aba3
pharma.lonza.com,https://pharma.lonza.com/offerings/parenteral-drug-product/in-use-stability-and-compatibility-testing?msclkid=53e2e6c9cef111ec9e477c8df12078b4
pharmaceuticalupdates.com,https://pharmaceuticalupdates.com/2020/02/23/acceptable-quality-level-aql-in-pharmaceuticals/?msclkid=57cc5f11ceeb11ecaaa66df13d706c24
pharmaceuticalupdates.com,https://pharmaceuticalupdates.com/2021/11/19/guidelines-for-pharmaceutical-stability-study/?msclkid=e45b672ccef011ecb1543165696c310e
pharmaceuticalupdates.com,https://pharmaceuticalupdates.com/2021/11/19/guidelines-for-pharmaceutical-stability-study/?msclkid=f4e96862cef011ec87c6d365d6b455c5
pharmachitchat.files.wordpress.com,https://pharmachitchat.files.wordpress.com/2015/05/generic-drug-product-development-solid-oral-dosage-forms.pdf?msclkid=727f7b78ceee11eca6372fdc5edf88a0
piapharma.com,https://piapharma.com/?msclkid=38fef3ebcef111ec91dd29d4aab2987a
picscheme.org,https://picscheme.org/docview/2303
processandcontrolmag.co.uk,https://processandcontrolmag.co.uk/filter-dryers-for-highly-active-products/?msclkid=632272e6cef111ecbb460782d044cd76
radiomedix.com,https://radiomedix.com/pages/commercial-scale-manufacturing-1?msclkid=0467d70dceef11eca5e986651a8bbf22
refinepackaging.com,https://refinepackaging.com/blog/primary-secondary-tertiary-packaging/?msclkid=776bc912ceed11ecbe69829062235f25
resources.saylor.org,https://resources.saylor.org/wwwresources/archived/site/wp-content/uploads/2011/04/Viscosity.pdf?msclkid=1ee3e9c7ceed11ecb3ac0fa8a5e7891c
safefoodalliance.com,https://safefoodalliance.com/food-safety-resources/haccp-overview/?msclkid=66670bd5ceeb11eca64504341f9b10fc
safetyculture.com,https://safetyculture.com/topics/gmp/?msclkid=ae1704b1ceef11ec81a40c8c2bd62d86
samsungbiologics.com,https://samsungbiologics.com/services/cmo/drug-product?msclkid=f4a4c713ceef11ec9d17bcfcf5fd9e7a
samsungbiologics.com,https://samsungbiologics.com/services/cmo/mammalian-cell-culture?msclkid=09137112cef011eca019f37737dd9b67
seafood.oregonstate.edu,https://seafood.oregonstate.edu/sites/agscid7/files/snic/planning-for-seafood-freezing.pdf?msclkid=b1f405b2cef111ecafc7d70ba682ad9e
shop0196602311.panelook.com,https://shop0196602311.panelook.com/sizmodlist.php?st=&pl=&so_attr=&sizes%5b%5d=2360&panel_type=44%2c&resolution_pixels=7610&production_state=0%2c0&msclkid=49ac8452ceeb11ec92fa326629bd98bf
sna.palermo.it,https://sna.palermo.it/10_vials_of_sculptra.html?msclkid=0384c2ecceec11ec80f5bfe65b686d4b
stabilityhub.com,https://stabilityhub.com/2021/03/15/stability-testing-study-design-and-data-evaluation-to-support-a-clinical-study-in-the-european-union-part-2/?msclkid=d78c5d5fcef011ecb920c773acd7813a
stabilityhub.com,https://stabilityhub.com/2021/08/10/in-use-stability-studies-for-multi-dose-products-part-1-ema/?msclkid=d78b98e8cef011eca8faeca4fc82b16d
stabilityhub.com,https://stabilityhub.com/forums/topic/inverted-samples-for-lyophilized-product-studies/?msclkid=2d93321ecef011ec8d81fcbbe39d41ff
steamcommunity.com,https://steamcommunity.com/sharedfiles/filedetails/?id=2522356867&msclkid=4d18afd7ceec11ecbc104434cd624e1c
sterileprocessingtech.org,https://sterileprocessingtech.org/?msclkid=368b7a4eceeb11ecb88181eb37c1d400
triphasepharmasolutions.com,http://triphasepharmasolutions.com/resources/literature%20risk%20assessment%20of%20genotoxic%20impurities%20in%20new%20chemical%20entities%20strategies%20to%20demonstrate%20control.pdf?msclkid=88611e3aceee11ec976dab1652a9d55f
triphasepharmasolutions.com,http://triphasepharmasolutions.com/resources/literature%20risk%20assessment%20of%20genotoxic%20impurities%20in%20new%20chemical%20entities%20strategies%20to%20demonstrate%20control.pdf?msclkid=967e8854ceee11ec8b6050b26a1cdd51
triphasepharmasolutions.com,http://triphasepharmasolutions.com/toxicologybatchstrategies.pdf?msclkid=8cd8b678ceef11ec931ce2dd301790da
turismo.fi.it,https://turismo.fi.it/Pharmaceutical_Pipeline.html?msclkid=ea90d307ceee11ecbca6180ccf9126f0
unitedpkg.com,https://unitedpkg.com/blog/primary-secondary-tertiary-packaging/?msclkid=a91365aeceed11ecacd50ff6a94ad7e2
us.vwr.com,https://us.vwr.com/store/product/18622531/human-recombinant-nmnat1-highly-active-from-e-coli?msclkid=98021517cef111ec95ac5543be766f92
vectorlabs.com,https://vectorlabs.com/products/antibodies/dylight-488-anti-digoxigenin-digoxin-dig?msclkid=9495c14fceeb11ec8931f9304fbee772
vectorlabs.com,https://vectorlabs.com/products/antibodies/dylight-488-anti-digoxigenin-digoxin-dig?msclkid=a200ead3ceeb11ec9570e6e670e73782
vectorlabs.com,https://vectorlabs.com/products/antibodies/dylight-488-anti-digoxigenin-digoxin-dig?msclkid=acc3bdd5ceeb11ecbbcfcae899f29392
vectorlabs.com,https://vectorlabs.com/products/antibodies/dylight-488-anti-digoxigenin-digoxin-dig?msclkid=bdcc9a18ceeb11ec81fcc11fd883f7f6
voisinconsulting.com,https://voisinconsulting.com/resources/glossary/new-chemical-entity-nce/?msclkid=552a24dfceea11ec94fca7298ff8197b
voisinconsulting.com,https://voisinconsulting.com/resources/glossary/new-chemical-entity-nce/?msclkid=7c8d3bb7ceee11ec90d26aa3fc9e1172
whatispiping.com,https://whatispiping.com/what-is-viscosity/?msclkid=f6011fd9ceec11ecb0882bdb6f2ef586
www-ssrl.slac.stanford.edu,https://www-ssrl.slac.stanford.edu/content/science/highlight/2003-08-29/crystal-structures-mammalian-carboxylesterases-and-their-function-drug?msclkid=1b59fc77cef011ecb3e9aec5a4a558a5
www.achilles.com,https://www.achilles.com/community/utilities-nce/?msclkid=6f71cd23ceea11ec93f8222ccf528657
www.achilles.com,https://www.achilles.com/community/utilities-nce/?msclkid=7ee8f3d5ceea11ec9d8659401babe80a
www.activecampaign.com,https://www.activecampaign.com/blog/habits-of-highly-productive-people?msclkid=98027dddcef111ecb7cb253150bc933e
www.admixpharma.com,https://www.admixpharma.com/post/product-testing-laboratory?msclkid=178768c5cef111ecbfb03834ad9b4607
www.agilealliance.org,https://www.agilealliance.org/agile101/?msclkid=ea1df8dfceed11ec898ffe4dde3d3414
www.agilent.com,https://www.agilent.com/cs/library/slidepresentation/Public/1.International_GMP_Requirements_for%20Quality_Control_Laboratories_and_Recomendations_for_Implementation.pdf?msclkid=cb89c471ceef11ecbe796ac2d9388f41
www.agilent.com,https://www.agilent.com/en/product/dissolution-testing?msclkid=98b38d23ceec11ec908e3d4cff35d8c4
www.agilent.com,https://www.agilent.com/en/product/syringes-needles?msclkid=1f04ea14ceec11ecaa1aa41562ad1848
www.agilent.com,https://www.agilent.com/en/product/vials-sample-containment?msclkid=0383fd3eceec11eca04c3400eb163e04
www.aiche.org,https://www.aiche.org/resources/publications/cep/2016/april/introduction-mammalian-cell-culture?msclkid=091356dccef011ec95acb0b8cf9ea0d0
www.aksobio.com,https://www.aksobio.com/research-development/?msclkid=ea90eb1fceee11ecb736a34522a0d802
www.aksobio.com,https://www.aksobio.com/research-development/?msclkid=fc4c1b9eceee11ecab0880b2d0c9b1da
www.alcaminow.com,https://www.alcaminow.com/blog/in-use-stability-testing?msclkid=0255b504cef111ec8e40f1af295d98a1
www.alcaminow.com,https://www.alcaminow.com/blog/in-use-stability-testing?msclkid=f4e99b43cef011eca3ab006f7eda0746
www.aljazeera.com,https://www.aljazeera.com/news/2022/5/6/spacex-capsule-brings-four-astronauts-home-from-six-month-mission?msclkid=0b2dce3dceee11ecae687d89d25169ca
www.aljazeera.com,https://www.aljazeera.com/news/2022/5/6/spacex-capsule-brings-four-astronauts-home-from-six-month-mission?msclkid=17ed3ff9ceee11ec95984e58445a7d76
www.aljazeera.com,https://www.aljazeera.com/news/2022/5/6/spacex-capsule-brings-four-astronauts-home-from-six-month-mission?msclkid=28802ac1ceee11ecbbeadd192af1dc66
www.aljazeera.com,https://www.aljazeera.com/news/2022/5/6/spacex-capsule-brings-four-astronauts-home-from-six-month-mission?msclkid=36dc880cceee11ecbf80c7a51e0a1669
www.aljazeera.com,https://www.aljazeera.com/news/2022/5/6/spacex-capsule-brings-four-astronauts-home-from-six-month-mission?msclkid=fd1ac706ceed11ec94c85cfb296adddb
www.alldatasheet.com,https://www.alldatasheet.com/datasheet-pdf/pdf/775399/NCEPOWER/NCE8290.html?msclkid=6423dc28ceea11eca9eb3d3f5a89a193
www.alldatasheet.com,https://www.alldatasheet.com/datasheet-pdf/pdf/775399/NCEPOWER/NCE8290.html?msclkid=6f71e656ceea11ec9d5f2b883eb2644e
www.almacgroup.com,https://www.almacgroup.com/wp-content/uploads/2015/02/Strengthening-the-Link-in-the-Clinical-Supply-Chain.pdf?msclkid=094e9e83ceeb11ec8e400bee0f0122cb
www.asean.org,https://www.asean.org/wp-content/uploads/2018/01/25PPWG-ANNEX-7-iv-Final-ASEAN-Guideline-on-Stability-Study-Drug-Product-R2.pdf?msclkid=d78ca9e4cef011eca0c5287429eba9f5
www.aseptictech.com,https://www.aseptictech.com/products/closed-vialr-0?msclkid=77b7a8edceeb11ecb0d9e7a8f1505624
www.asklepionpharm.com,https://www.asklepionpharm.com/research-pipeline/pipeline/?msclkid=c1a2914fceee11eca1d8ab7beb5cc5c3
www.asklepionpharm.com,https://www.asklepionpharm.com/research-pipeline/pipeline/?msclkid=cea2b28cceee11ec85a8aa27b4760281
www.asymchem.com,https://www.asymchem.com/non-gmp/?msclkid=8cd8632dceef11ecb495b16e9d36c644
www.axforpharma.com,https://www.axforpharma.com/blog/how-axp365-can-support-clinical-supply-chain-management/?msclkid=094e200dceeb11ec930750ce7cdc0262
www.bayer.com,https://www.bayer.com/en/pharma/development-pipeline?msclkid=dc980a51ceee11ec9e39a7d1f59daf21
www.bayer.com,https://www.bayer.com/en/pharma/development-pipeline?msclkid=ea9016b4ceee11ecbd328a58557724f5
www.betterteam.com,https://www.betterteam.com/sterile-processing-technician-job-description?msclkid=77b80ac5ceeb11ec9cfbc70b90f2224f
www.beyondclean.net,https://www.beyondclean.net/ce-credit-hub?msclkid=368b6235ceeb11ecbf885361a7aa7384
www.bing.com,https://www.bing.com/ck/a?!&&p=022e5c889091a755713f6b3e0b08eb9eadc5846b32084a36a7dc1695f2b73e14JmltdHM9MTY1MjAyNjc4MiZpZ3VpZD0zZGUzZDBhYS1lNjUxLTQ0M2QtYTNhNy0wYWRkNWQ4ZTQ4NTImaW5zaWQ9NTIxMQ&ptn=3&fclid=aaa0cb06-ceea-11ec-b65b-25870832c635&u=a1aHR0cHM6Ly93d3cuY2xpbmljYWx0cmlhbHNyZWdpc3Rlci5ldS9jdHItc2VhcmNoL3RyaWFsLzIwMTgtMDAyOTQyLTM1L0dCP21zY2xraWQ9YWFhMGNiMDZjZWVhMTFlY2I2NWIyNTg3MDgzMmM2MzU&ntb=1
www.bing.com,https://www.bing.com/ck/a?!&&p=032309d105769648c07e9f30957a4af157c225fb50725521fea186bbf6fc5efbJmltdHM9MTY1MjAyNjg1OCZpZ3VpZD0xNGI5Y2M1OS02MTY2LTQwYTktOWRiOS1jM2Y5NGM3OWQ1NTEmaW5zaWQ9NTMwOA&ptn=3&fclid=d7ebbdf2-ceea-11ec-9f5c-0e8237063a67&u=a1aHR0cHM6Ly9teWdjc2cuY29tLz9tc2Nsa2lkPWQ3ZWJiZGYyY2VlYTExZWM5ZjVjMGU4MjM3MDYzYTY3&ntb=1
www.bing.com,https://www.bing.com/ck/a?!&&p=0c0c58dceb08dcfb441664b9420b39417761c80577cb4b9022c0d24380e6a475JmltdHM9MTY1MjAyNjgwMCZpZ3VpZD0zODZkOWU5Yi02ZDkzLTQ2YWYtYTAzOS0wMDY3ZmIyMWI3NWQmaW5zaWQ9NTI0Ng&ptn=3&fclid=b4fcb3ba-ceea-11ec-a757-c577c388fed4&u=a1aHR0cHM6Ly93d3cuY2xpbmljYWx0cmlhbHNyZWdpc3Rlci5ldS9jdHItc2VhcmNoL3RyaWFsLzIwMTgtMDAyOTQyLTM1L0dCP21zY2xraWQ9YjRmY2IzYmFjZWVhMTFlY2E3NTdjNTc3YzM4OGZlZDQ&ntb=1
www.bing.com,https://www.bing.com/ck/a?!&&p=0caa72d135c864531ef7c5d7ad39f819824895044a77d1b16870768a2116235eJmltdHM9MTY1MjAyOTUwNiZpZ3VpZD04ZDVjYWE3Yi00MTYzLTRjNmYtYmViZi0xY2UwMjFjOWMyZjUmaW5zaWQ9NTE4Mw&ptn=3&fclid=025629f4-cef1-11ec-9420-8546b79ae3f3&u=a1aHR0cHM6Ly93d3cuaGlsYXJpc3B1Ymxpc2hlci5jb20vb3Blbi1hY2Nlc3MvaG9sZC10aW1lLXN0YWJpbGl0eS1zdHVkaWVzLWluLXBoYXJtYWNldXRpY2FsLWluZHVzdHJ5LXJldmlldy0yMTY3LTc2ODkuMTAwMDEwNC5wZGY_bXNjbGtpZD0wMjU2MjlmNGNlZjExMWVjOTQyMDg1NDZiNzlhZTNmMw&ntb=1
www.bing.com,https://www.bing.com/ck/a?!&&p=254f80b66d2263dcb721d0d44a8955eae60bdc7e68c3f6706a4d4e9e249c526bJmltdHM9MTY1MjAyNjg1OCZpZ3VpZD0xNGI5Y2M1OS02MTY2LTQwYTktOWRiOS1jM2Y5NGM3OWQ1NTEmaW5zaWQ9NTI5MA&ptn=3&fclid=d7eba645-ceea-11ec-b8a7-731158e4709b&u=a1aHR0cHM6Ly9hcmVuYS1pbnRlcm5hdGlvbmFsLmNvbS9jdHN3ZXN0Y29hc3QvP21zY2xraWQ9ZDdlYmE2NDVjZWVhMTFlY2I4YTc3MzExNThlNDcwOWI&ntb=1
www.bing.com,https://www.bing.com/ck/a?!&&p=2b20b20df46bb4a0f39428e520f19a71dbf7d3faff4d4042d84b348cf8946c1cJmltdHM9MTY1MjAyODU4NCZpZ3VpZD0yNjM3OWMzOS0wMjExLTRhNzktOTYzZS1hYzk2YjViYTc5NTcmaW5zaWQ9NTE0Mg&ptn=3&fclid=dc979fdb-ceee-11ec-be4c-502878354b7e&u=a1aHR0cHM6Ly9iaW9wcm9jZXNzaW50bC5jb20vYnVzaW5lc3MvZWNvbm9taWNzL3RvcC10cmVuZHMtaW4tYmlvcGhhcm1hY2V1dGljYWwtbWFudWZhY3R1cmluZy0yMDIwLz9tc2Nsa2lkPWRjOTc5ZmRiY2VlZTExZWNiZTRjNTAyODc4MzU0Yjdl&ntb=1
www.bing.com,https://www.bing.com/ck/a?!&&p=2c5620f4e7597f17b3dc269d9fa6f0ee21d43c6a317f300217da27de79d622f2JmltdHM9MTY1MjAyNzAxNyZpZ3VpZD00ZjA3N2Y0Ni01Yzc0LTQ4ZmItYmZmMS04OGYxOGVkMjA4NTImaW5zaWQ9NTIwNQ&ptn=3&fclid=368af7a5-ceeb-11ec-86e7-2d0b93d01fcc&u=a1aHR0cHM6Ly93d3cuaGlsYXJpc3B1Ymxpc2hlci5jb20vb3Blbi1hY2Nlc3MvaG9sZC10aW1lLXN0YWJpbGl0eS1zdHVkaWVzLWluLXBoYXJtYWNldXRpY2FsLWluZHVzdHJ5LXJldmlldy0yMTY3LTc2ODkuMTAwMDEwNC5wZGY_bXNjbGtpZD0zNjhhZjdhNWNlZWIxMWVjODZlNzJkMGI5M2QwMWZjYw&ntb=1
www.bing.com,https://www.bing.com/ck/a?!&&p=381a46df55e1bba71f17ea04063a92daf7e8399188c9018e99e426bee743c93fJmltdHM9MTY1MjAyODExMyZpZ3VpZD05MmQxY2VkZC0yOTdkLTQ5ODMtYWRjNS0yYjc5YWI5YmQ4OWImaW5zaWQ9NTI2OQ&ptn=3&fclid=c4131336-ceed-11ec-ad6b-99a974522a2b&u=a1aHR0cDovL3d3dy5uZXRtb2JpbGl0eS5pdC93cC1pbmNsdWRlcy93cC11cGEucGhwPzU1OTg2Zjg2NWI1Y2FkZmFhMjIyZGMyZjBjNzVkZGY4PWluLWVzc2F5LXZpbGxhZ2Utb24tZGV2ZWxvcG1lbnQtZW5nbGlzaCZtc2Nsa2lkPWM0MTMxMzM2Y2VlZDExZWNhZDZiOTlhOTc0NTIyYTJi&ntb=1
www.bing.com,https://www.bing.com/ck/a?!&&p=3c6fd7dad4212516705862e2e59afef214de972f9bc75684ab9e87ac82ae7e90JmltdHM9MTY1MjAyOTI3NyZpZ3VpZD1jZTdlYzcwMC04OWI5LTRlZWItOGIzZi0xMjRhMzIxNTIzM2ImaW5zaWQ9NTIyOA&ptn=3&fclid=7966a70a-cef0-11ec-aa1c-2e3a6ba305b7&u=a1aHR0cHM6Ly9hc2NlbmRpYXBoYXJtYS5jb20vc2VydmljZXMvZGV2ZWxvcG1lbnQtdGltaW5nL2Vhcmx5LXN0YWdlLWluZC1lbmFibGluZy1mb3JtdWxhdGlvbnMtZm9yLXRveGljb2xvZ3ktYW5kLXBrLXN0dWRpZXMvP21zY2xraWQ9Nzk2NmE3MGFjZWYwMTFlY2FhMWMyZTNhNmJhMzA1Yjc&ntb=1
www.bing.com,https://www.bing.com/ck/a?!&&p=4015525313ebc7e5bdb63965fe045b7318520adae3c0b848322fd960898f1df5JmltdHM9MTY1MjAyNzg4MSZpZ3VpZD05OTcyOTQyZS05NWE5LTRiYTctODdlNy1iMWZjYmQzNmRmOTMmaW5zaWQ9NTI3NA&ptn=3&fclid=398313dc-ceed-11ec-816b-31a25475d52f&u=a1aHR0cHM6Ly9zY2l0ZWNoY29ubmVjdC5lbHNldmllci5jb20vYmlvYXZhaWxhYmlsaXR5LWJpb2FjY2Vzc2liaWxpdHktYmlvYWN0aXZpdHktZm9vZC1jb21wb25lbnRzLz9tc2Nsa2lkPTM5ODMxM2RjY2VlZDExZWM4MTZiMzFhMjU0NzVkNTJm&ntb=1
www.bing.com,https://www.bing.com/ck/a?!&&p=413393bfafec0ee453dc458934d64479749d1815cd65deff09194b11702c96d4JmltdHM9MTY1MjAyNzQ4NCZpZ3VpZD1hMGFkZWNiMC03Mzk2LTQ5MDAtYWZkMy0xMDAwMTFhZGY5NDYmaW5zaWQ9NTE1Nw&ptn=3&fclid=4d186488-ceec-11ec-a03b-32ffd8bb4b2d&u=a1aHR0cHM6Ly93d3cuYXBsdXN1c2FwaGFybWEuY29tL2Jsb2cvYnJpZWYtaGlzdG9yeS1vZi10aGUtc3lyaW5nZS1hbmQtaW5qZWN0YWJsZS1tZWRpY2F0aW9uLz9tc2Nsa2lkPTRkMTg2NDg4Y2VlYzExZWNhMDNiMzJmZmQ4YmI0YjJk&ntb=1
www.bing.com,https://www.bing.com/ck/a?!&&p=42ff7ca8c765c7825990a0a69765519436af4f16e7c56e31ca65cb0ac62ac50bJmltdHM9MTY1MjAyOTAzNCZpZ3VpZD0yYjM0ZjRmZC1iNWQzLTQ1NGUtOTEyMC1hZjcyNTRlZjg1MzImaW5zaWQ9NTIxMg&ptn=3&fclid=e8860472-ceef-11ec-b967-a0aed49e6e16&u=a1aHR0cHM6Ly93d3cubG9uemEuY29tL25ld3MvMjAyMS0wNS0wNi0wNy0wMj9tc2Nsa2lkPWU4ODYwNDcyY2VlZjExZWNiOTY3YTBhZWQ0OWU2ZTE2&ntb=1
www.bing.com,https://www.bing.com/ck/a?!&&p=45861942e0b2c937648c1718751bfb20cbcfc91e8d00d144591cb7279fecc0ceJmltdHM9MTY1MjAyOTA4OCZpZ3VpZD1iYjRkZWY2ZS0xZWNmLTQyYTgtOTQ3YS00YjQxMzg5OWQ0ZjUmaW5zaWQ9NTIwNg&ptn=3&fclid=0913a656-cef0-11ec-9ac1-f3e0769fecc5&u=a1aHR0cHM6Ly93d3cubG9uemEuY29tL2ludmVzdG9yLXJlbGF0aW9ucy8tL21lZGlhLzM4QURDOEU4RkI4MzQ1MTlCNUU3RkRBMEVDMURDMTVFLmFzaHg_bXNjbGtpZD0wOTEzYTY1NmNlZjAxMWVjOWFjMWYzZTA3NjlmZWNjNQ&ntb=1
www.bing.com,https://www.bing.com/ck/a?!&&p=4b87fc5070b14f2cea747d8e2d96761fb47264d9dd10fc3827df65042a2b43b4JmltdHM9MTY1MjAyOTA4OCZpZ3VpZD1iYjRkZWY2ZS0xZWNmLTQyYTgtOTQ3YS00YjQxMzg5OWQ0ZjUmaW5zaWQ9NTEyNQ&ptn=3&fclid=09130e02-cef0-11ec-a771-d014c91a3ae7&u=a1aHR0cHM6Ly9iaW9wcm9jZXNzaW50bC5jb20vYmlvcHJvY2Vzcy1pbnNpZGVyL2ZhY2lsaXRpZXMtY2FwYWNpdHkvc3B1cnJlZC1ieS1jZG1vcy1nbG9iYWwtbWFtbWFsaWFuLWNhcGFjaXR5LXRvLXJlYWNoLTc1MDBrbC1ieS0yMDI1Lz9tc2Nsa2lkPTA5MTMwZTAyY2VmMDExZWNhNzcxZDAxNGM5MWEzYWU3&ntb=1
www.bing.com,https://www.bing.com/ck/a?!&&p=4d630f697bddece6052195e89608af349b83d42309281ba6bcb076989e149cdfJmltdHM9MTY1MjAyNjgyMSZpZ3VpZD00ZjY4ZDFlNi05YWRhLTQ3YzUtYThlZi05ZDM1ZjA5NGYwMGEmaW5zaWQ9NTI5Mg&ptn=3&fclid=c1efba1d-ceea-11ec-92c6-f02d71f26fa5&u=a1aHR0cHM6Ly9hcmVuYS1pbnRlcm5hdGlvbmFsLmNvbS9jdHN3ZXN0Y29hc3QvP21zY2xraWQ9YzFlZmJhMWRjZWVhMTFlYzkyYzZmMDJkNzFmMjZmYTU&ntb=1
www.bing.com,https://www.bing.com/ck/a?!&&p=4f4ff24df4988dd6882b705765c37a9f345768aa923dbc72a9581b5ab1cb2253JmltdHM9MTY1MjAyNjc0NiZpZ3VpZD0zMmNhMjhjMi00OGM3LTQyZDMtOTg1ZS0yY2Y3MjMxYTlkZjMmaW5zaWQ9NTI5Mg&ptn=3&fclid=94fc0c07-ceea-11ec-b57b-c09f1a6782c2&u=a1aHR0cHM6Ly93d3cuY2xpbmljYWx0cmlhbHNyZWdpc3Rlci5ldS9jdHItc2VhcmNoL3RyaWFsLzIwMTgtMDAyOTQyLTM1L0dCP21zY2xraWQ9OTRmYzBjMDdjZWVhMTFlY2I1N2JjMDlmMWE2NzgyYzI&ntb=1
www.bing.com,https://www.bing.com/ck/a?!&&p=57c7176d4601a68a467ac9de92b5ab90e5982d4ea4b734dfa0c63ddb9d00b829JmltdHM9MTY1MjAyNzkwMyZpZ3VpZD01NjkyOTBjOS0wMmU3LTRjMzEtODk5OC0zOWRmNGE3NmM3MzImaW5zaWQ9NTIxMg&ptn=3&fclid=467b3566-ceed-11ec-b94a-9ae4f1938200&u=a1aHR0cHM6Ly93YXR0Lml0L2VuX3VrL3NjaWVuY2UtYmVoaW5kL2Jpb2F2YWlsYWJpbGl0eS1vZi1tYWduZXNpdW0_bXNjbGtpZD00NjdiMzU2NmNlZWQxMWVjYjk0YTlhZTRmMTkzODIwMA&ntb=1
www.bing.com,https://www.bing.com/ck/a?!&&p=740e8ad84d44dfacea49bf30fe80144dba42f0fc213b16c676581a12cfccc0aaJmltdHM9MTY1MjAyOTI3NyZpZ3VpZD1jZTdlYzcwMC04OWI5LTRlZWItOGIzZi0xMjRhMzIxNTIzM2ImaW5zaWQ9NTEzNg&ptn=3&fclid=7965c495-cef0-11ec-bca7-8adf795b7aaa&u=a1aHR0cHM6Ly9iaW9wcm9jZXNzaW50bC5jb20vbWFudWZhY3R1cmluZy9mb3JtdWxhdGlvbi9lYXJseS1zdGFnZS1kZXZlbG9wbWVudC1vZi1hZHZhbmNlZC1mb3JtdWxhdGlvbnMtaW4tdGhlLWRydWctZGV2ZWxvcG1lbnQtcHJvY2Vzcy1wcm92aWRlcy1jb21wZXRpdGl2ZS1hZHZhbnRhZ2VzLXN1cnZleS1wcmVkaWN0cy10aGF0LWRydWctcHJvZHVjdC1mb3JtdWxhdGlvbi1yZWNvZ25pdGlvbi1hbmQtYnVkZ2V0cy13aWxsLWluY3JlYXNlLXNpLz9tc2Nsa2lkPTc5NjVjNDk1Y2VmMDExZWNiY2E3OGFkZjc5NWI3YWFh&ntb=1
www.bing.com,https://www.bing.com/ck/a?!&&p=76edebb42520de5a1b9aa46dea9abc7d161e338d6ec977789a39c173589f3dd2JmltdHM9MTY1MjAyOTAxMiZpZ3VpZD1hNjVlMmUwMi1iNzJjLTRhN2ItODY5Ny05OThhMGM3NGZlMmImaW5zaWQ9NTI1MQ&ptn=3&fclid=dba4fb4b-ceef-11ec-a246-4fbd886f3735&u=a1aHR0cHM6Ly93d3cud3V4aWJpb2xvZ2ljcy5jb20vbWFtbWFsaWFuL2RydWctcHJvZHVjdC1maWxsLz9tc2Nsa2lkPWRiYTRmYjRiY2VlZjExZWNhMjQ2NGZiZDg4NmYzNzM1&ntb=1
www.bing.com,https://www.bing.com/ck/a?!&&p=92b868855ae68bb6f01d40ff5c41f80d4006041ec1f202497f2904b21756f761JmltdHM9MTY1MjAyNzY1OCZpZ3VpZD1hODI1YmExNy02NTRmLTQ5MjMtOGIyNi05YTMwZGExZmNjMzImaW5zaWQ9NTIwNA&ptn=3&fclid=b46b9956-ceec-11ec-88e6-a5a53414061c&u=a1aHR0cHM6Ly9hc2NlbmRpYXBoYXJtYS5jb20vMjAyMS8wNy8yNi9zb2x1YmlsaXR5LWVuaGFuY2VtZW50LXRlY2huaXF1ZXMvP21zY2xraWQ9YjQ2Yjk5NTZjZWVjMTFlYzg4ZTZhNWE1MzQxNDA2MWM&ntb=1
www.bing.com,https://www.bing.com/ck/a?!&&p=a1fb0fc5d2914d3a57b0a39d6bd739c8f53daae9552af3720320b2e153a41c42JmltdHM9MTY1MjAyOTc1NyZpZ3VpZD1lMWIzNzQxZi1lZTczLTQ2ZTYtYmIxNS01MmQyODc5ZjE2YzImaW5zaWQ9NTI2NQ&ptn=3&fclid=9802b1f3-cef1-11ec-9c37-42543be7b57c&u=a1aHR0cHM6Ly93d3cuY2FtYnJpZGdlLm9yZy9jb3JlL2pvdXJuYWxzL2JyaXRpc2gtam91cm5hbC1vZi1udXRyaXRpb24vYXJ0aWNsZS9kaWV0YXJ5LW5pdHJhdGUtaW1wcm92ZXMtc2tlbGV0YWwtbXVzY2xlLW1pY3JvdmFzY3VsYXItb3h5Z2VuYXRpb24taW4taGl2aW5mZWN0ZWQtcGF0aWVudHMtcmVjZWl2aW5nLWhpZ2hseS1hY3RpdmUtYW50aXJldHJvdmlyYWwtdGhlcmFweS1hLXJhbmRvbWlzZWQtZG91YmxlYmxpbmQtY3Jvc3NvdmVyLXBsYWNlYm9jb250cm9sbGVkLXN0dWR5LzkxMTRBNEJEODlDOUVFRkU4MjkyQ0VBRTFEOTk3MjVCP21zY2xraWQ9OTgwMmIxZjNjZWYxMTFlYzljMzc0MjU0M2JlN2I1N2M&ntb=1
www.bing.com,https://www.bing.com/ck/a?!&&p=ae54510ab3a6990da3b293a082ba575b98a8d43afabc6d479c6ddc4cf4266987JmltdHM9MTY1MjAyODIzMyZpZ3VpZD1mZGQ3MDE1OC00ZmI1LTQ3MDktOTMxNi03MDdjYTI2NmEwYzUmaW5zaWQ9NTEyMQ&ptn=3&fclid=0b2d59df-ceee-11ec-bd7d-db90c40c77ae&u=a1aHR0cDovL3d3dy5tZXRhbHV4Y2Fwc3VsZS5pdC8_bXNjbGtpZD0wYjJkNTlkZmNlZWUxMWVjYmQ3ZGRiOTBjNDBjNzdhZQ&ntb=1
www.bing.com,https://www.bing.com/ck/a?!&&p=bbdfec0592d35e47028954dd34a240c28e66e2b5938fb933ae41714bf6566b43JmltdHM9MTY1MjAyNzYxMSZpZ3VpZD1jMjQwODI0Yi04M2U4LTRhMTAtOWE0My0xZDRjNmU3OWQ5MzgmaW5zaWQ9NTI4Mw&ptn=3&fclid=98b3d820-ceec-11ec-9ba5-4b5222c35c36&u=a1aHR0cHM6Ly9jaGVmLnNwaW5laG9sYS5jb20vZGlzc29sdXRpb25fYXBwYXJhdHVzLnBkZj9tc2Nsa2lkPTk4YjNkODIwY2VlYzExZWM5YmE1NGI1MjIyYzM1YzM2&ntb=1
www.bing.com,https://www.bing.com/ck/a?!&&p=c6dc1345a9e2a92193594fb5a205d92b805d8a84801bff25a8fcfa0be37de4adJmltdHM9MTY1MjAyNzM2MSZpZ3VpZD1hNzFiN2RkNC1hYWIyLTQzZDEtYjdmYy0zZWZhOTcwNzE4MmYmaW5zaWQ9NTE2MQ&ptn=3&fclid=038415f4-ceec-11ec-b6eb-d7ee65545d66&u=a1aHR0cHM6Ly93d3cubW4tbmV0LmNvbS9jaHJvbWF0b2dyYXBoeS92aWFscy1hbmQtY2Fwcy92aWFscy8_bXNjbGtpZD0wMzg0MTVmNGNlZWMxMWVjYjZlYmQ3ZWU2NTU0NWQ2Ng&ntb=1
www.bing.com,https://www.bing.com/ck/a?!&&p=ca7c16920a5c2cea7a04c5e6b4331000550c60a7dfd391bb298a6da1609e31bdJmltdHM9MTY1MjAyOTk1OSZpZ3VpZD1jNWFmNTk4OC1lOWY0LTQyMWUtYjY2Yy02N2Q3NDMwYWEyOTMmaW5zaWQ9NTI3OA&ptn=3&fclid=10252aa2-cef2-11ec-a304-15c8bf265164&u=a1aHR0cHM6Ly9kb2hvZ290by5jb211bmkuZnZnLml0L0FjZXRpY19BY2lkX1BoYXJtYWNldXRpY2FsX0dyYWRlLmh0bWw_bXNjbGtpZD0xMDI1MmFhMmNlZjIxMWVjYTMwNDE1YzhiZjI2NTE2NA&ntb=1
www.bing.com,https://www.bing.com/ck/a?!&&p=cae1db7e97a049e186f6fb44a0feb2d48778777416bc5944d3fb7d5433bc438cJmltdHM9MTY1MjAyOTExOSZpZ3VpZD1kMGQzNDVlZi05NmY0LTRmNDItOGYwZC02ODMyMzcwMDZiZGQmaW5zaWQ9NTIzNA&ptn=3&fclid=1b5a85c4-cef0-11ec-9950-983623c4a93d&u=a1aHR0cHM6Ly93d3cubG9uemEuY29tL2ludmVzdG9yLXJlbGF0aW9ucy8tL21lZGlhLzM4QURDOEU4RkI4MzQ1MTlCNUU3RkRBMEVDMURDMTVFLmFzaHg_bXNjbGtpZD0xYjVhODVjNGNlZjAxMWVjOTk1MDk4MzYyM2M0YTkzZA&ntb=1
www.bing.com,https://www.bing.com/ck/a?!&&p=dab7a76708eeb1a6e5c43659aa708c2f77dce11a2987c3d94822ea960e140e27JmltdHM9MTY1MjAyNjc2MyZpZ3VpZD0yNTlkNDg3ZS0xZDRmLTQxMzYtOGNkMy0xZDNlNjBhYmVhNTYmaW5zaWQ9NTIzOQ&ptn=3&fclid=9f0795e9-ceea-11ec-827e-fab31cee2568&u=a1aHR0cHM6Ly93d3cuY2xpbmljYWx0cmlhbHNyZWdpc3Rlci5ldS9jdHItc2VhcmNoL3RyaWFsLzIwMTgtMDAyOTQyLTM1L0dCP21zY2xraWQ9OWYwNzk1ZTljZWVhMTFlYzgyN2VmYWIzMWNlZTI1Njg&ntb=1
www.bing.com,https://www.bing.com/ck/a?!&&p=dde8dcd8901b753f1b5611c05d4407a480f94de51afa311772f25c4571ca7fdfJmltdHM9MTY1MjAyODc0OCZpZ3VpZD0xOGRkNjZiNS1lNzA5LTRkZDctOWMyNi0yZWI2M2U2YmUzZjEmaW5zaWQ9NTEyOA&ptn=3&fclid=3e660fe4-ceef-11ec-8151-9049d5525b89&u=a1aHR0cHM6Ly9iaW9wcm9jZXNzaW50bC5jb20vMjAyMi9tYXJjaC0yMDIyLWZlYXR1cmVkLXJlcG9ydC9uYXZpZ2F0aW5nLW5ldy1vcHRpb25zLWZvci1jb21tZXJjaWFsLXNjYWxlLWJpb3BoYXJtYWNldXRpY2FsLXByb2R1Y3Rpb24vP21zY2xraWQ9M2U2NjBmZTRjZWVmMTFlYzgxNTE5MDQ5ZDU1MjViODk&ntb=1
www.bing.com,https://www.bing.com/ck/a?!&&p=ebb9f406096db62bd1a65e91579ec608544977954a093ec6da10683c8de258b5JmltdHM9MTY1MjAyNjgyMSZpZ3VpZD00ZjY4ZDFlNi05YWRhLTQ3YzUtYThlZi05ZDM1ZjA5NGYwMGEmaW5zaWQ9NTIyMQ&ptn=3&fclid=c1ef59b7-ceea-11ec-ba3c-c664ab496388&u=a1aHR0cHM6Ly93d3cuY2xpbmljYWx0cmlhbHNyZWdpc3Rlci5ldS9jdHItc2VhcmNoL3RyaWFsLzIwMTgtMDAyOTQyLTM1L0dCP21zY2xraWQ9YzFlZjU5YjdjZWVhMTFlY2JhM2NjNjY0YWI0OTYzODg&ntb=1
www.bing.com,https://www.bing.com/ck/a?!&&p=f2fbd692d05ead6d7c36342be0ea9a56758cf2e3eb5ec003dd9ab69edc3b8345JmltdHM9MTY1MjAyODkwMyZpZ3VpZD1kOTUzY2IwNi00MjIxLTRiMzUtOGQxNS1jMzNkNzkzODU3M2EmaW5zaWQ9NTE5OQ&ptn=3&fclid=9aa4620b-ceef-11ec-8587-1faaef4dc94c&u=a1aHR0cHM6Ly9hc2NlbmRpYXBoYXJtYS5jb20vMjAyMS8wNy8xOS9jZ21wLXZzLWdtcC8_bXNjbGtpZD05YWE0NjIwYmNlZWYxMWVjODU4NzFmYWFlZjRkYzk0Yw&ntb=1
www.bing.com,https://www.bing.com/ck/a?!&&p=f91ac0890b438235bd6bdebbe61012e6087d4d45621798a1240c967160da031eJmltdHM9MTY1MjAyOTg2NCZpZ3VpZD02YjkwMWRiZC02YTBlLTQ0ZDUtOTNjMi1hYzczYjJhMDJmNmYmaW5zaWQ9NTE4MA&ptn=3&fclid=d7561a2c-cef1-11ec-b41a-581508ee91c1&u=a1aHR0cHM6Ly9zZi50ZWNobm9sb2d5L2VuL3Byb2R1Y3REZXRhaWw_aWQ9MjI3MTlkMjU2ZDYyYzdjODAxNmRhNzFmOGEyMzAwNTQmbXNjbGtpZD1kNzU2MWEyY2NlZjExMWVjYjQxYTU4MTUwOGVlOTFjMQ&ntb=1
www.bing.com,https://www.bing.com/ck/a?!&&p=ff6e7ee129e333fde64421d13aa312c0eeac4942ba5a8f604809efdbe3aa0b91JmltdHM9MTY1MjAyNjkwMiZpZ3VpZD01M2MyYmFjYS1iYWZkLTQ4YzctYTQzNi1mODUyNTJmMWU0NzcmaW5zaWQ9NTI3Ng&ptn=3&fclid=f219be66-ceea-11ec-8bca-15d1698ad36d&u=a1aHR0cHM6Ly9teWdjc2cuY29tLz9tc2Nsa2lkPWYyMTliZTY2Y2VlYTExZWM4YmNhMTVkMTY5OGFkMzZk&ntb=1
www.bioavailability.com,https://www.bioavailability.com/Drug_For_Systems.html?msclkid=5f4e452cceed11eca176fc37bf8b9ef1
www.bioavailability.com,https://www.bioavailability.com/Publications.html?msclkid=5169f381ceed11ecaa150538d6cf5aae
www.biocon.com,https://www.biocon.com/businesses/generics/pipeline/?msclkid=dc97c146ceee11eca9cf13b066cfd276
www.biocon.com,https://www.biocon.com/businesses/generics/pipeline/?msclkid=ea904213ceee11eca776aae22526c28e
www.bionomics.com.au,https://www.bionomics.com.au/pipeline/?msclkid=dc97f15aceee11ecbc43826491f497f8
www.bionomics.com.au,https://www.bionomics.com.au/pipeline/?msclkid=ea9073cdceee11ec8014a433c14fcffa
www.biopharma-excellence.com,https://www.biopharma-excellence.com/2019-12-13-best-practices-in-dealing-with-novel-excipients/?msclkid=1024ad78cef211ec97d1cf860af386cb
www.biopharmadive.com,https://www.biopharmadive.com/spons/lyophilized-products-are-on-the-rise-heres-what-you-need-to-know/601448/?msclkid=59b5381ecef011ec9649a5db52c21658
www.biorxiv.org,https://www.biorxiv.org/content/10.1101/2020.05.18.103184v1?msclkid=a2594a6acef011ec94ddeb07a54257c1
www.biorxiv.org,https://www.biorxiv.org/content/10.1101/2020.05.18.103184v1?msclkid=b30151cacef011eca834ebf1b857c33e
www.biospectra.us,https://www.biospectra.us/about-us/career-opportunities/145?view=joblisting&msclkid=01844a25cef211ec863e519cd5947a9c
www.biospectra.us,https://www.biospectra.us/about-us/career-opportunities/145?view=joblisting&msclkid=1c5ca810cef211ecb52f0b9204158d49
www.biospectra.us,https://www.biospectra.us/about-us/career-opportunities/145?view=joblisting&msclkid=f711fe5ccef111ec9d28c6bb6fb4459b
www.biosyn.com,https://www.biosyn.com/bioconjugation.aspx#!?msclkid=85929009ceeb11eca15e7aca52a996a2
www.biosyn.com,https://www.biosyn.com/bioconjugation.aspx#!?msclkid=9494d389ceeb11eca1efbddcbd674b68
www.biosyn.com,https://www.biosyn.com/tew-category/bioconjugation.aspx?msclkid=bdcba36dceeb11ecab7ea8190a5de4d6
www.biotage.com,https://www.biotage.com/biotage-microwave-reaction-vials?msclkid=03843118ceec11ec98f33f625a921265
www.biotage.com,https://www.biotage.com/biotage-microwave-reaction-vials?msclkid=f5b558baceeb11ecaed7de8fbcca096a
www.biotek.com,https://www.biotek.com/resources/citations/highly-active-and-selective-endopeptidases-with-programmed-substrate-specificities/?msclkid=9802978acef111eca2f26adecaac1f63
www.bloomberg.com,https://www.bloomberg.com/tosv2.html?vid=&uuid=3f8f79cd-ceef-11ec-bed3-647876754955&url=L3ByZXNzLXJlbGVhc2VzLzIwMjEtMDctMjcvY3ljbG8tdGhlcmFwZXV0aWNzLWNvbW1lbmNlcy1jb21tZXJjaWFsLXNjYWxlLW1hbnVmYWN0dXJpbmctZm9yLXRyYXBwc29sLWN5Y2xvP21zY2xraWQ9M2U2NjU0MmFjZWVmMTFlY2I2MmQxNGYyMDgwYmYwYjI=
www.boehringer-ingelheim.com,https://www.boehringer-ingelheim.com/science/human-health/research-and-development-pipeline?msclkid=c1a2da42ceee11ecb915c63c30d7654c
www.bostonscientific.com,https://www.bostonscientific.com/en-US/products.html?msclkid=66673cbeceeb11eca704cba05f3b9483
www.bu.edu,https://www.bu.edu/gdp/2022/05/05/investor-state-disputes-threaten-the-global-green-energy-transition/?msclkid=c4127a75ceed11eca0aff460c7abfa2f
www.bu.edu,https://www.bu.edu/gdp/2022/05/05/investor-state-disputes-threaten-the-global-green-energy-transition/?msclkid=de17b948ceed11ec8d07de650850c134
www.bu.edu,https://www.bu.edu/gdp/2022/05/05/investor-state-disputes-threaten-the-global-green-energy-transition/?msclkid=ea1e2979ceed11ec9391ef70ec6df37d
www.bulksyringes.com,https://www.bulksyringes.com/the-different-sizes-of-syringes/?msclkid=3f205f9aceec11ec8a7483a398ed62e3
www.capsuleclean.com,https://www.capsuleclean.com/shop/?msclkid=0b2e36a3ceee11ec8c4c8f0730f6a218
www.capsuleclean.com,https://www.capsuleclean.com/shop/?msclkid=17ed7887ceee11ecbe154ec30a124d7f
www.capsuleclean.com,https://www.capsuleclean.com/shop/?msclkid=28805d40ceee11ec87a5889bc7fef68b
www.capsuleclean.com,https://www.capsuleclean.com/shop/?msclkid=36dcf9b1ceee11ecabae6deba21b7983
www.capsuleclean.com,https://www.capsuleclean.com/shop/?msclkid=fd1af91aceed11eca358a89d73ab7c97
www.catalent.com,https://www.catalent.com/catalent-news/catalent-acquires-commercial-scale-cell-therapy-development-and-manufacturing-facility-in-princeton-new-jersey-from-erytech/?msclkid=161f2f77ceef11ecaf74cf5532b850d9
www.catalent.com,https://www.catalent.com/catalent-news/demand-led-supply-model-to-improve-clinical-trial-supply-chains-to-be-discussed-by-catalent-expert/?msclkid=094e05a0ceeb11ecaefcbe779c9e6b37
www.catalent.com,https://www.catalent.com/catalent-news/demand-led-supply-model-to-improve-clinical-trial-supply-chains-to-be-discussed-by-catalent-expert/?msclkid=f21942b1ceea11ecb6abba99394b1b2d
www.catalent.com,https://www.catalent.com/oral-dose/highly-potent-active-pharmaceutical-ingredients/?msclkid=632178cccef111eca1cb5cef2a4624d1
www.catalent.com,https://www.catalent.com/oral-dose/highly-potent-active-pharmaceutical-ingredients/?msclkid=6db4db8ccef111ecb34b55f083f5cc50
www.cbspd.net,https://www.cbspd.net/tech/?msclkid=57cd06feceeb11ecb2a6b84c8b59715c
www.cdc.gov,https://www.cdc.gov/infectioncontrol/guidelines/disinfection/sterilization/sterilizing-practices.html?msclkid=49abf0f6ceeb11ecb5c67b14deed8c75
www.cdc.gov,https://www.cdc.gov/infectioncontrol/guidelines/disinfection/sterilization/sterilizing-practices.html?msclkid=57cc8babceeb11ec8cd08c59ac5d23c2
www.cell.com,https://www.cell.com/cell/fulltext/S0092-8674(22)00137-4?dgcid=raven_jbs_aip_email&msclkid=09140d25cef011ec8ad12b7ccba528b8
www.cell.com,https://www.cell.com/cell/fulltext/S0092-8674(22)00390-7?rss=yes&msclkid=f4a53edbceef11ecb14cb10a5e33bedd
www.cflex.com,https://www.cflex.com/newsroom/primary-packaging-material-for-contact-lens-must-have-the-highest-possible-standard/?msclkid=9ecd85bfceed11ec8b659b0f4116bd77
www.cgdev.org,https://www.cgdev.org/blog/what-development?msclkid=b638344dceed11ecb5ad6823ee7255b5
www.checkpoint.com,https://www.checkpoint.com/products/capsule-docs/?msclkid=17ed237bceee11eca1757b25e0f820e6
www.chemistryworld.com,https://www.chemistryworld.com/news/why-manufacturing-covid-vaccines-at-scale-is-hard/4013429.article?msclkid=3e66a08dceef11ec8b60ebed5128e3d8
www.chemsafetypro.com,http://www.chemsafetypro.com/Topics/Japan/Japan_New_Substance_Notification_CSCL_ISHL.html?msclkid=a0ab99e4ceee11ec9521c7fe5f2089fe
www.chemsafetypro.com,http://www.chemsafetypro.com/Topics/Japan/Japan_New_Substance_Notification_CSCL_ISHL.html?msclkid=b27f1f72ceee11ec959c65ad5adcb672
www.clinicaltrialsarena.com,https://www.clinicaltrialsarena.com/news/gmp-compliance-in-multi-use-facilities-defining-strategies-to-maximize-usage-from-pilot-gmp-facilities-5973991-2/?msclkid=9aa44826ceef11ec85a0756d8cc23b7e
www.clinicaltrialsarena.com,https://www.clinicaltrialsarena.com/sponsored/clinical-supply-management-workforce-agility/?msclkid=f2190eb6ceea11ecbe6b9bde20f9e2e0
www.clinicaltrialsarena.com,https://www.clinicaltrialsarena.com/uncategorized/million-dollar-question-can-technology-improve-efficiency-clinical-supply-chain/?msclkid=094e5350ceeb11ec9c7f0924a2a624fe
www.clouddirect.net,https://www.clouddirect.net/what-is-the-microsoft-new-commerce-experience/?msclkid=48c006c5ceea11ecaa656e1a95681573
www.complianceonline.com,https://www.complianceonline.com/pharmaceutical-lab-gmp-and-non-gmp-functions-webinar-training-701844-prdw?msclkid=8cd96706ceef11eca77c96338feafb92
www.contractpharma.com,https://www.contractpharma.com/issues/2008-03/view_features/pharmaceutical-sterility-testing?msclkid=4491d345cef111ecb8b4e77c06a176f6
www.contractpharma.com,https://www.contractpharma.com/issues/2019-11-01/view_features/transitioning-from-clinical-production-to-commercial-manufacturing/?msclkid=00c408b7ceea11ec89a1cd803b3a062d
www.cordenpharma.com,https://www.cordenpharma.com/drug-products/sterile-powder-lyophilized-vials/?msclkid=3af87902cef011ec93d8f94d9caafbd8
www.cordenpharma.com,https://www.cordenpharma.com/press-release-peptide-manufacturing-increase-2021?msclkid=ae1754abceef11ec8848f32dd0e536b1
www.crbgroup.com,https://www.crbgroup.com/insights/oral-solid-dosage-manufacturing?msclkid=5881d352ceee11ecaa434cbb3706acce
www.crbgroup.com,https://www.crbgroup.com/insights/oral-solid-dosage-manufacturing?msclkid=66550cddceee11ecacb061008967f79f
www.crbgroup.com,https://www.crbgroup.com/insights/pharmaceuticals/oligonucleotide-manufacturing?msclkid=161f9908ceef11eca38271e0976d8c3f
www.crbgroup.com,https://www.crbgroup.com/insights/pharmaceuticals/oligonucleotide-manufacturing?msclkid=1fd0f63aceef11ec8b08af999c61717c
www.creative-biolabs.com,https://www.creative-biolabs.com/drug-discovery/therapeutics/mammalian-cell-expression-system.htm?msclkid=09133bafcef011ec81820936c5ac370f
www.crystecpharma.com,https://www.crystecpharma.com/case-studies/improving-solubility?msclkid=cbe745d9ceec11ecb3f3e65b612acaed
www.csint.com,https://www.csint.com/?msclkid=094e6c8eceeb11ecaf32eb423a257ccf
www.csint.com,https://www.csint.com/?msclkid=16a1992aceeb11ecb7cf60a963e0eb4b
www.dalpl.co.in,https://www.dalpl.co.in/pharmaceutical-testing/?msclkid=53e2728ecef111ecb324205f5752f5bf
www.dcatvci.org,https://www.dcatvci.org/features/cdmos-invest-in-biomanufacturing-cell-gene-therapy-manufacturing/?msclkid=1fd10ea5ceef11ec9af16fea2bb98db5
www.dcatvci.org,https://www.dcatvci.org/features/cdmos-invest-in-biomanufacturing-cell-gene-therapy-manufacturing/?msclkid=3e66e97aceef11eca0d6649f9b5602b4
www.dcvmn.org,https://www.dcvmn.org/IMG/pdf/dcvmn_day_4.1_cbc_gmp_basics.pdf?msclkid=cb89dc93ceef11ecb28f035d4c5453e6
www.ddltesting.com,https://www.ddltesting.com/medical-device-testing/syringe-testing/?msclkid=4d181e5eceec11ec9fa225c4c297f7e9
www.degruyter.com,https://www.degruyter.com/document/doi/10.1515/cclm-2014-1007/html?msclkid=00c4a780ceea11ecb49bbcad9d88bc0c
www.degruyter.com,https://www.degruyter.com/document/doi/10.1515/jbcpp-2019-0249/html?msclkid=cbe7bf86ceec11ecaa3aab72a9a810ef
www.degruyter.com,https://www.degruyter.com/document/doi/10.1515/jbcpp-2019-0249/html?msclkid=ea755d67ceec11ec90b8d100c29f3fbb
www.diapharm.com,https://www.diapharm.com/news/on-going-stability-testing-requirements-solutions-and-potential-pitfalls/?msclkid=f4e9b404cef011eca2c1d50bf8ffac90
www.doterra.com,https://www.doterra.com/US/en/blog/science-wellness-bioavailability-llv?msclkid=5f4e07adceed11ecb71c5ddaf050be28
www.doterra.com,https://www.doterra.com/US/en/blog/science-wellness-bioavailability-llv?msclkid=6a823557ceed11ecbf1eecd67a68a72d
www.dovepress.com,https://www.dovepress.com/provisional-in-silico-biopharmaceutics-classification-bcs-to-guide-ora-peer-reviewed-fulltext-article-DDDT?msclkid=727efaa1ceee11eca66339cc4ff2bd4b
www.drugpatentwatch.com,https://www.drugpatentwatch.com/p/nce-1/?msclkid=7ee87cafceea11ecab2ef4ef0d0f1357
www.easyayurveda.com,https://www.easyayurveda.com/2016/01/29/early-stage-of-rheumatoid-arthritis-ayurvedic-treatment/?msclkid=b3016b90cef011ec9ff6d8c91d1d2ca1
www.efcpharma.com,https://www.efcpharma.com/services/development/formulation-development?msclkid=a2587087cef011ecabe8a5aa1c333567
www.efcpharma.com,https://www.efcpharma.com/services/development/formulation-development?msclkid=b30071eacef011ecb653d42d8d4f0440
www.emergentcdmo.com,https://www.emergentcdmo.com/lyophilization-capabilities?msclkid=4a798ee4cef011ecae5a98fb4efa5565
www.emergentcdmo.com,https://www.emergentcdmo.com/mammalian-drug-substance?hsLang=en&msclkid=e885463cceef11eca152ae616962148b
www.emergentcdmo.com,https://www.emergentcdmo.com/mammalian-drug-substance?msclkid=dba428a9ceef11ecbb4dac185dca18fd
www.emultech.nl,https://www.emultech.nl/platform-technology/clinical-production/?msclkid=00c3af79ceea11eca3615f52110c7902
www.emultech.nl,https://www.emultech.nl/platform-technology/clinical-production/?msclkid=1131fcd0ceea11ecb063b6be154969bd
www.eurofins.co.uk,https://www.eurofins.co.uk/contacts/eurofins-biopharma-product-testing-livingston/?msclkid=38ff0ccfcef111ecbf09d267aeaa0fbe
www.eurofins.com,https://www.eurofins.com/biopharma-services/product-testing/about-us/?msclkid=265c44c2cef111ec8ad64ed758ee3442
www.eurofins.com,https://www.eurofins.com/biopharma-services/product-testing/locations/uk/?msclkid=265c9e6dcef111eca5874253e11bf81b
www.eurofins.com,https://www.eurofins.com/biopharma-services/product-testing/services/biopharma-product-testing-services/?msclkid=17857685cef111ecab2b11b089c1a98a
www.eurofins.com,https://www.eurofins.com/biopharma-services/product-testing/services/biopharma-product-testing-services/?msclkid=265bdaedcef111eca3cd6583001aa803
www.eurofins.com,https://www.eurofins.com/biopharma-services/product-testing/services/biopharma-product-testing-services/quality-control/pharmaceutical-release-testing/?msclkid=265c6106cef111ecba18950d1ac13184
www.eurofins.com,https://www.eurofins.com/biopharma-services/product-testing?msclkid=1785e6a6cef111ecb0ab78f895c3e451
www.eurofins.com,https://www.eurofins.com/biopharma-services/product-testing?msclkid=265c2c45cef111eca7549f35a72bef77
www.eurofins.com.au,https://www.eurofins.com.au/about-us/our-locations/eurofins-biopharma-product-testing-sydney/?msclkid=38fec346cef111ecbabc4fb307661b32
www.eurofins.de,https://www.eurofins.de/biopharma-product-testing-en/downloads/certificates-and-accreditations/?msclkid=265cfc0acef111ec805d304089b053a5
www.eurofins.de,https://www.eurofins.de/biopharma-product-testing-en/downloads/certificates-and-accreditations/?msclkid=38ff24c6cef111ecb767e8358617b57a
www.eurofins.de,https://www.eurofins.de/biopharma-product-testing-en/downloads/certificates-and-accreditations/?msclkid=4491b8bfcef111ec8497de292271e58b
www.eurofins.de,https://www.eurofins.de/biopharma-product-testing-en/our-offer/for-pharma-and-biotech/release-and-stability-testing/?msclkid=44918372cef111eca861f67eda6385de
www.eurofins.de,https://www.eurofins.de/biopharma-product-testing-en/our-offer/for-pharma-and-biotech/release-and-stability-testing/?msclkid=53e256e4cef111eca38cee3449d9e396
www.eurofins.ie,https://www.eurofins.ie/contacts/eurofins-biopharma-product-testing-ireland/?msclkid=38fedb99cef111ec9d8d54c9f8e93103
www.eurofinsus.com,https://www.eurofinsus.com/biopharma-services/biopharma-testing-services/biopharma-product-testing/?msclkid=178681c7cef111ec917f2cdb4c494b22
www.eurofinsus.com,https://www.eurofinsus.com/biopharma-services/laboratories/lancaster-laboratories/services/biopharma-product-testing-services/?msclkid=265c82fccef111ecb3b4ab50f71c80d3
www.exeleadbiopharma.com,https://www.exeleadbiopharma.com/clinical-supply-drug-product-manufacturing?msclkid=094dc207ceeb11ec88919b01ae70b28d
www.eximpharma.eu,https://www.eximpharma.eu/en/contract-production/product-testing-and-quality-control/?msclkid=449168e4cef111ecb23b3029f227956e
www.expressiontherapeutics.com,https://www.expressiontherapeutics.com/manufacturing?msclkid=2f964806ceef11ecb54f2f9f1c9b131e
www.expressiontherapeutics.com,https://www.expressiontherapeutics.com/manufacturing?msclkid=3e66d0eaceef11ec8d393e277d779431
www.farbefirma.com,https://www.farbefirma.com/lyophilized-vials?msclkid=68d0a258cef011ecb6c4c5f8d0873e0b
www.fdareader.com,https://www.fdareader.com/blog/introduction-to-gmps?msclkid=cb88ebb4ceef11ec8cd19dd0cf730446
www.fishersci.com,https://www.fishersci.com/us/en/products/I9C8L7WG/vials.html?msclkid=e7be711dceeb11ec9ce21a30d8ab6abc
www.fishersci.com,https://www.fishersci.com/us/en/products/I9C8L7WG/vials.html?msclkid=f5b4f6c5ceeb11eca708ff3d306b3f46
www.futurelearn.com,https://www.futurelearn.com/subjects/it-and-computer-science-courses/software-development?msclkid=c412faf4ceed11ec8217cce804e28790
www.futurelearn.com,https://www.futurelearn.com/subjects/it-and-computer-science-courses/software-development?msclkid=d1fb9a87ceed11ecbfcd1d54644a8c61
www.futurelearn.com,https://www.futurelearn.com/subjects/it-and-computer-science-courses/software-development?msclkid=de17eaf0ceed11ecbfee2b71d05188d5
www.gbukgroup.com,https://www.gbukgroup.com/brands/gbuk-enteral/syringes/?msclkid=3f1fc86aceec11ec9f5b0760626e7e61
www.geeksforgeeks.org,https://www.geeksforgeeks.org/named-entity-recognition/?msclkid=a0ab508cceee11ecb2a2ce72591638f7
www.gilead.com,https://www.gilead.com/science-and-medicine/pipeline?msclkid=cea32cc4ceee11ecb48b289ae3250136
www.gilead.com,https://www.gilead.com/science-and-medicine/pipeline?msclkid=dc9823b6ceee11ecb8c8266044eaa131
www.globenewswire.com,https://www.globenewswire.com/news-release/2020/10/12/2106806/0/en/Rhizen-Pharmaceuticals-S-A-and-Curon-Biopharmaceutical-Limited-Announce-an-Exclusive-Licensing-Agreement-to-Develop-and-Commercialize-Tenalisib-a-Dual-PI3K-Delta-and-Gamma-Inhibito.html?msclkid=fc4c008bceee11ec9dcdd1461485c4ea
www.globenewswire.com,https://www.globenewswire.com/news-release/2021/06/15/2247723/0/en/Senti-Bio-Signs-Lease-Agreement-and-Begins-Design-of-Clinical-and-Commercial-Scale-Manufacturing-Facility-for-Allogeneic-CAR-NK-Cell-Therapies.html?msclkid=3e668707ceef11eca09334715c79f05b
www.gmp-compliance.org,https://www.gmp-compliance.org/?msclkid=5210f3e7ceef11eca811a9e7a86454fa
www.gmp-compliance.org,https://www.gmp-compliance.org/?msclkid=713614bfceef11ecbd040e30436ec1e8
www.gmp-compliance.org,https://www.gmp-compliance.org/guidelines/gmp-guideline/eu-gmp-annex-11-computerised-systems?msclkid=52112ab4ceef11eca6e60961bfc45f87
www.goodreads.com,https://www.goodreads.com/book/show/44678678-innovative-drug-formulations?msclkid=92a0e3fbcef011ec9b3034b5d2a6bf18
www.gsk.com,https://www.gsk.com/en-gb/research-and-development/our-pipeline/?msclkid=dc983d1eceee11ecb46273d5d6cc773f
www.gtp-bioways.com,https://www.gtp-bioways.com/biologics/microbial-manufacturing/non-gmp-manufacturing/?msclkid=8cd94d96ceef11ec9d881e26a5824c5d
www.healthcarebusinesstoday.com,https://www.healthcarebusinesstoday.com/how-to-choose-the-right-packaging-material-for-medicines/?msclkid=9ecd47b3ceed11eca34ac0ec74bc9e7f
www.healthcarebusinesstoday.com,https://www.healthcarebusinesstoday.com/how-to-choose-the-right-packaging-material-for-medicines/?msclkid=a913b319ceed11ec90bc5680b8c88dc3
www.heatxperts.com,https://www.heatxperts.com/en/blog/post/how-to-calculate-viscosity-the-only-guide-you-will-need.html?msclkid=1ee3a9b0ceed11ecbea5e32f9444ea11
www.heatxperts.com,https://www.heatxperts.com/en/blog/post/how-to-calculate-viscosity-the-only-guide-you-will-need.html?msclkid=2f2d9f2cceed11ec9c3a7d57e373c2b9
www.heinen.biz,https://www.heinen.biz/?msclkid=bdf829accef111ecaf1c75b94204de1f
www.hyphadiscovery.com,https://www.hyphadiscovery.com/?msclkid=1b5ad1cccef011eca48108065a6d12b6
www.ijplsjournal.com,http://www.ijplsjournal.com/issues%20PDF%20files/feb_2012/10.pdf?msclkid=b46c3509ceec11ec9ef2165d8469f8ad
www.ijplsjournal.com,http://www.ijplsjournal.com/issues%20PDF%20files/feb_2012/10.pdf?msclkid=ea757691ceec11ec8b9db0bcd6d6da78
www.independent.co.uk,https://www.independent.co.uk/life-style/work-from-home-office-tiktok-b2074088.html?msclkid=fd1a855eceed11ec8881faac1e73f8f9
www.indiamart.com,https://www.indiamart.com/proddetail/olimab-60mg-injection-24809533655.html?msclkid=66679eb6ceeb11ecab62675b2b766b8d
www.indiamart.com,https://www.indiamart.com/proddetail/olimab-60mg-injection-24809533655.html?msclkid=77b83b9cceeb11ecad303fc2ebaf1804
www.ingredientsnetwork.com,https://www.ingredientsnetwork.com/47/resourcefile/10/55/56/Veri-te%20Resveratrol%20Bioavailability%20101%20Ver%201.0.pdffv.pdf?msclkid=6a827f1aceed11eca50798a35a6f9713
www.intel.com,https://www.intel.com/content/www/us/en/developer/articles/technical/understanding-capsule-network-architecture.html?msclkid=36dc6f1dceee11ecb7b264dc910b97fb
www.intertek.com,https://www.intertek.com/pharmaceutical/analysis/inhalation-product-testing/?msclkid=53e301e1cef111ecb1404287a144b003
www.ipowatch.in,https://www.ipowatch.in/2022/04/le-merite-exports-ipo-date-gmp-review-.html?msclkid=4945ca1bceef11ec93a43d066a672b08
www.ipowatch.in,https://www.ipowatch.in/2022/04/le-merite-exports-ipo-date-gmp-review-.html?msclkid=5f7da4d5ceef11ecb972d22fe72d282a
www.ipowatch.in,https://www.ipowatch.in/2022/04/le-merite-exports-ipo-date-gmp-review-.html?msclkid=7eb6ddf2ceef11ecac96309794a93dca
www.jrpsjournal.com,https://www.jrpsjournal.com/article.asp?issn=2322-1232%3byear%3d2021%3bvolume%3d10%3bissue%3d1%3bspage%3d137%3bepage%3d147%3baulast%3dainurofiq&msclkid=cbe7a32aceec11ec9eb9f0493d4f53cb
www.kbibiopharma.com,https://www.kbibiopharma.com/capabilities/clinical-manufacturing?msclkid=3c22526fceea11ecb2ce20b0410906db
www.latconsultores.com.ar,http://www.latconsultores.com.ar/upload/1.1PharmaceuticalUtilitiesrev.pdf?msclkid=9aa4e6a5ceef11ec935fc38761e9899b
www.latconsultores.com.ar,http://www.latconsultores.com.ar/upload/1.1PharmaceuticalUtilitiesrev.pdf?msclkid=ae17c274ceef11ecbbab5e47cd4f056f
www.legit.ng,https://www.legit.ng/1129701-full-meaning-nce-nigeria-top-facts-it.html?msclkid=6423b41eceea11ec9efdd23e4b699fd2
www.leo-pharma.com,https://www.leo-pharma.com/media-center/news/leo-pharma-introduces-new-operating-model-to-increase-competitiveness?msclkid=b27f6beeceee11eca3a111eb068377ee
www.lithium-battery-factory.com,https://www.lithium-battery-factory.com/freezing-lithium-ion-battery/?msclkid=cbb41f07cef111ec9293a46b52dcb977
www.lithium-battery-factory.com,https://www.lithium-battery-factory.com/freezing-lithium-ion-battery/?msclkid=d756b1fbcef111ecbf813701411441b8
www.litmusbranding.com,https://www.litmusbranding.com/blog/four-types-of-packaging-materials-used-in-the-food-industry/?msclkid=a9145c7fceed11ec876597829363043e
www.livemint.com,https://www.livemint.com/market/ipo/venus-pipes-ipo-gmp-ahead-of-subscription-opening-next-week-11651909000773.html?msclkid=7eb65133ceef11ec97c3357cf587f13a
www.manufacturingchemist.com,https://www.manufacturingchemist.com/news/article_page/Biocatalysis_versus_chemocatalysis/117622?msclkid=2f967780ceef11ec8155d98ce7afe188
www.mckinsey.com,https://www.mckinsey.com/industries/life-sciences/our-insights/clinical-supply-chains-how-to-boost-excellence-and-innovation?msclkid=d7e89156ceea11eca182828d2bc170f0
www.mckinsey.com,https://www.mckinsey.com/industries/life-sciences/our-insights/digitization-automation-and-online-testing-embracing-smart-quality-control?msclkid=44919dc0cef111ec96b2c57ea1846fe1
www.mckinsey.com,https://www.mckinsey.com/industries/life-sciences/our-insights/digitization-automation-and-online-testing-embracing-smart-quality-control?msclkid=53e2ae93cef111ec807d8d00cd0b7469
www.mecart-cleanrooms.com,https://www.mecart-cleanrooms.com/learning-center/gmp-facility-understanding-grade-a-grade-b-grade-c-and-d/?msclkid=5210a647ceef11eca38c2e2f3e5fa512
www.mecart-cleanrooms.com,https://www.mecart-cleanrooms.com/learning-center/gmp-facility-understanding-grade-a-grade-b-grade-c-and-d/?msclkid=5f7d3a37ceef11ec8d10122134d2ad60
www.mecart-cleanrooms.com,https://www.mecart-cleanrooms.com/learning-center/gmp-facility-understanding-grade-a-grade-b-grade-c-and-d/?msclkid=ae1774cbceef11eca27879e5243c6332
www.medidata.com,https://www.medidata.com/en/clinical-trial-products/patient-centric-clinical-trials/patient-engagement-and-insights?msclkid=aaa118fdceea11ecba416247af1e3f74
www.medidata.com,https://www.medidata.com/en/clinical-trial-products/patient-centric-clinical-trials/patient-engagement-and-insights?msclkid=c1ef89f2ceea11ec940d401b306144fe
www.merck.com,https://www.merck.com/research-and-products/clinical-trials/?msclkid=c1ef413cceea11eca8ff85b556ecc873
www.merckmillipore.com,"https://www.merckmillipore.com/DK/en/products/small-molecule-pharmaceuticals/formulation/bioavailability-enhancement/UVqb.qB.vTUAAAFQLxh2h03D,nav?msclkid=6a81eb9cceed11ec83886be7240d457b"
www.micromedoftalmologia.it,https://www.micromedoftalmologia.it/pdms-syringes/?lang=en&msclkid=4d187ebeceec11ecaf98e18b13c4ffbf
www.micromedoftalmologia.it,https://www.micromedoftalmologia.it/pdms-vials/?lang=en&msclkid=f5b50ed0ceeb11ec9f7686a694ca2643
www.microsoftpartnercommunity.com,https://www.microsoftpartnercommunity.com/t5/New-Commerce-Experience/New-commerce-experience-NCE-for-Microsoft-365-Dynamics-365-Power/m-p/54036?msclkid=48bf2ea5ceea11ecb553667e70e9d8ce
www.microsoftpartnercommunity.com,https://www.microsoftpartnercommunity.com/t5/New-Commerce-Experience/New-commerce-experience-NCE-for-Microsoft-365-Dynamics-365-Power/m-p/54036?msclkid=5529f1fcceea11ec99ebef1967aa5b37
www.microsoftpartnercommunity.com,https://www.microsoftpartnercommunity.com/t5/New-Commerce-Experience/New-commerce-experience-NCE-for-Microsoft-365-Dynamics-365-Power/m-p/54036?msclkid=6422ddedceea11eca4869e43a82edef9
www.microsoftpartnercommunity.com,https://www.microsoftpartnercommunity.com/t5/New-Commerce-Experience/New-commerce-experience-NCE-for-Microsoft-365-Dynamics-365-Power/m-p/54036?msclkid=6f71216eceea11ec9bd5fd0fa28b8b78
www.minitool.com,https://www.minitool.com/data-recovery/computer-keeps-freezing.html?msclkid=b1f41fc3cef111ec8a988162a4dbbff8
www.mometrix.com,https://www.mometrix.com/academy/nce-practice-test/?msclkid=552a5b35ceea11ec9d03de2e533c1ae4
www.morphosys.com,https://www.morphosys.com/en/our-pipeline?msclkid=ea90a2b0ceee11ec9ba1ebb3a67e78f6
www.nationaleducation.college,https://www.nationaleducation.college/?msclkid=6423fdeeceea11ec9ff135abce9c1eba
www.nbcc.org,https://www.nbcc.org/Assets/Exam/handbooks/NCE.pdf?msclkid=552af226ceea11ecb392d9ddc5f79a05
www.nbcc.org,https://www.nbcc.org/Assets/Exam/handbooks/NCE.pdf?msclkid=64238011ceea11eca2af0d50d5cc4919
www.nbcc.org,https://www.nbcc.org/exams/nce?msclkid=48bfb09bceea11ec9e45925ec0275fac
www.nccn.org,https://www.nccn.org/patientresources/patient-resources/support-for-patients-caregivers/clinical-trials?msclkid=c1ef2831ceea11eca320aaba2b02eb69
www.ncedcc.com,https://www.ncedcc.com/online-store?msclkid=642367d9ceea11ec8986ac1c852fdba9
www.ncedcc.com,https://www.ncedcc.com/online-store?msclkid=6f71b450ceea11ecac4ab03b5552631e
www.ncenet.com,https://www.ncenet.com/?msclkid=552ad9abceea11ecaa94235295b20e79
www.nebiolab.com,https://www.nebiolab.com/importance-of-bioavailability-and-bioequivalence-in-drug-development/?msclkid=3982f88dceed11ecad9f2c12ab5def10
www.nebiolab.com,https://www.nebiolab.com/importance-of-bioavailability-and-bioequivalence-in-drug-development/?msclkid=467a7c84ceed11eca93c9ab4cab8ebfa
www.nefab.com,https://www.nefab.com/en/news-insights/2017/difference-between-primary-and-secondary-packaging/?msclkid=776c9c05ceed11ec9b490690c65bd3e4
www.netmobility.it,http://www.netmobility.it/wp-includes/wp-upa.php?55986f865b5cadfaa222dc2f0c75ddf8=in-essay-village-on-development-english&msclkid=d1fb56e0ceed11eca00e355ef4555c1b
www.netmobility.it,http://www.netmobility.it/wp-includes/wp-upa.php?55986f865b5cadfaa222dc2f0c75ddf8=in-essay-village-on-development-english&msclkid=de1801e0ceed11ec957ee8b805fad37d
www.ngmbio.com,https://www.ngmbio.com/pipeline/?msclkid=dc986f27ceee11ec8cc4f4ee2aad4de1
www.novartis.com,https://www.novartis.com/about/operations/global-biotech-cooperations/our-manufacturing-sites?msclkid=f4a4df93ceef11ecb7c0c3ea48863bdb
www.novartis.com,https://www.novartis.com/clinicaltrials?msclkid=c1eef855ceea11ec82b8912458fe4441
www.nsf.org,https://www.nsf.org/training/series/gmp-clinical-trials-manufacture-supply?msclkid=16a1b151ceeb11ecad11d66559b3e0a2
www.oliverinc.com,https://www.oliverinc.com/blog/what-is-primary-vs.-secondary-packaging?msclkid=776c8353ceed11ecab3ac662cfd1fb3d
www.omnicalculator.com,https://www.omnicalculator.com/physics/water-viscosity?msclkid=037f82dcceed11eca00f1b4d1632c0a1
www.osteriaiturians.it,https://www.osteriaiturians.it/large/3383/vial-crusher-machine-improvise.html?msclkid=0384aa59ceec11ec8cf27bcd02c6e734
www.osteriaiturians.it,https://www.osteriaiturians.it/large/3383/vial-crusher-machine-improvise.html?msclkid=e7bee348ceeb11ec865a926b5e302319
www.outsourcing-pharma.com,https://www.outsourcing-pharma.com/Article/2022/05/04/Future-drugs-will-need-novel-excipients-IPEC?msclkid=0183674fcef211ec80a1503d5b91aaa4
www.outsourcing-pharma.com,https://www.outsourcing-pharma.com/Article/2022/05/04/Future-drugs-will-need-novel-excipients-IPEC?msclkid=10243672cef211ecb41e8a4b47990ac6
www.outsourcing-pharma.com,https://www.outsourcing-pharma.com/Article/2022/05/04/Future-drugs-will-need-novel-excipients-IPEC?msclkid=f7110ff6cef111ecb4271e090380b321
www.oxfordreference.com,https://www.oxfordreference.com/view/10.1093/acref/9780198568506.001.0001/acref-9780198568506-e-889?msclkid=6a82982aceed11ecb39e2e8b4f85c0b7
www.palgrave.com,https://www.palgrave.com/gp/journal/41301?msclkid=b63a88a6ceed11ec8790774a50c28359
www.patheon.com,https://www.patheon.com/clinical-trial-services/?msclkid=9f074aafceea11ec8239cb70c02ffbb0
www.patheon.com,https://www.patheon.com/commercial-manufacturing-services/small-molecule-commercialization/commercial-manufacturing/?msclkid=1fd0a9beceef11ec9d973994368a2a05
www.pearl-certification.com,https://www.pearl-certification.com/gmp-good-manufacturing-practices-certification/?msclkid=5f7d5b4aceef11ec86edf3513b625c3b
www.perfectdossier.com,https://www.perfectdossier.com/packaging-material-dmf-excipients.html?msclkid=9ecd9f88ceed11ec9082fbdb7ec11c03
www.pharma.dupont.com,https://www.pharma.dupont.com/pharmaceutical-applications/solubility-enhancement.html?msclkid=db62859aceec11ecb38dbcc641a8eb1d
www.pharmaceutical-business-review.com,https://www.pharmaceutical-business-review.com/wp-content/uploads/2014/05/schott-brochure-schott-vials-english-20092017.pdf?msclkid=ce9222d6ceeb11ec98823248082605f8
www.pharmaceutical-technology.com,https://www.pharmaceutical-technology.com/contractors/data/medlab-grant-nasal-vaccine/pressreleases/presshighly-active-pharmaceutical-manufacturing/?msclkid=7eabe4f9cef111ec9248b86e0728aae8
www.pharmaceutical-technology.com,https://www.pharmaceutical-technology.com/contractors/data/medlab-grant-nasal-vaccine/pressreleases/presshighly-active-pharmaceutical-manufacturing/?msclkid=8d5343d7cef111ec82152624a4fabd94
www.pharmaceutical-technology.com,https://www.pharmaceutical-technology.com/sponsored/prefilled-syringes-key-considerations-for-ready-to-use-drug-administration/?msclkid=0e9d8110ceec11ecbbaf835d86fa16b0
www.pharmacompass.com,https://www.pharmacompass.com/excipient-apis-products/gelcaps-industries?msclkid=0184313ccef211ecb0c0613ea149b3de
www.pharmacompass.com,https://www.pharmacompass.com/find-manufacturers-suppliers-distributors-services/xylitol-1-fcl-excipient-needed-in-israel-ena13534?msclkid=1024f89dcef211eca459a6ab1422bb2f
www.pharmacompass.com,https://www.pharmacompass.com/find-manufacturers-suppliers-distributors-services/xylitol-1-fcl-excipient-needed-in-israel-ena13534?msclkid=1c5c9001cef211ec8ac83704b8c01393
www.pharmacyguideline.com,https://www.pharmacyguideline.com/2021/11/ich-guidelines-for-stability.html?msclkid=02567339cef111ecbaecb423a5c772bc
www.pharmacyguideline.com,https://www.pharmacyguideline.com/2021/11/ich-guidelines-for-stability.html?msclkid=e45c2756cef011ecb701de42e0316173
www.pharmacyguideline.com,https://www.pharmacyguideline.com/2021/11/ich-guidelines-for-stability.html?msclkid=f4e9e679cef011ec9e24cfef0bdfc812
www.pharmacyscholar.com,https://www.pharmacyscholar.com/what-is-bioavailability-of-drugs/?msclkid=5169555fceed11ecac2d94d862e6002f
www.pharmacyscholar.com,https://www.pharmacyscholar.com/what-is-bioavailability-of-drugs/?msclkid=5f4dd0b9ceed11ec8cbc850776ec6ae5
www.pharmacytimes.com,https://www.pharmacytimes.com/view/the-biopharmaceutical-pipeline-new-mechanisms-new-revenue?msclkid=cea2800fceee11ecbed18e7bf497dcef
www.pharmaguideline.com,https://www.pharmaguideline.com/2010/12/different-climatic-zones-for-stability.html?msclkid=d78c1173cef011ecb87374ba549c6d5b
www.pharmaguideline.com,https://www.pharmaguideline.com/2012/02/guidelines-for-stability-study.html?msclkid=c8dec32ecef011ec8b02cda475d8a770
www.pharmaguideline.com,https://www.pharmaguideline.com/2018/03/packaging-of-pharmaceutical-products.html?msclkid=9307b649ceed11ecad8249adb3082e1b
www.pharmaguideline.com,https://www.pharmaguideline.com/2018/03/packaging-of-pharmaceutical-products.html?msclkid=9ecd2d06ceed11ec9d29f00d438a3a43
www.pharmaron.com,https://www.pharmaron.com/services/chemistry-manufacturing-and-control/formulation-development?msclkid=81fd1563cef011eca576cc8c44d44d43
www.pharmasalmanac.com,https://www.pharmasalmanac.com/articles/production-of-aav-vectors-using-suspension-mammalian-and-insect-cell-systems?msclkid=e885eadbceef11ecaf1a521d9bfd68e9
www.pharming.com,https://www.pharming.com/pipeline?msclkid=dc97d924ceee11ec9144bddf1dd28b17
www.pharmout.net,https://www.pharmout.net/dedicated-facilities-or-not/?msclkid=bab43ba0ceef11ecb0dd0af8bdc04823
www.pharmout.net,https://www.pharmout.net/gmp-vs-cgmp-whats-difference/?msclkid=9aa4985cceef11ec81bfb1f1bbb3112a
www.pharmout.net,https://www.pharmout.net/gmp-vs-cgmp-whats-difference/?msclkid=ae173a4eceef11eca655530a9c6872e9
www.pharmout.net,https://www.pharmout.net/wp-content/uploads/2016/07/2015_GMP_Validation_Forum_D2.T4.1.1-Ashley-Isbel-Writing-an-Effective-FSE-URS-2.pdf?msclkid=cb89616bceef11ec8fb77bf98efbb1b6
www.precisionreports.co,https://www.precisionreports.co/TOC/17130469?msclkid=1132fc58ceea11ec9d00b42c886d7c50
www.precisionreports.co,https://www.precisionreports.co/TOC/17130469?msclkid=1b514322ceea11ec811c225010eb5f51
www.precisionreports.co,https://www.precisionreports.co/TOC/17130469?msclkid=28ffa17eceea11ec857ff765773b5750
www.precisionreports.co,https://www.precisionreports.co/TOC/17130469?msclkid=3c230391ceea11ec9e64bb6bdd698efc
www.premiumgrades.com,http://www.premiumgrades.com/wp-content/uploads/pdf/Viscosity-classifications(ISO).pdf?msclkid=037f6764ceed11ecb20355bfecee1188
www.premiumgrades.com,http://www.premiumgrades.com/wp-content/uploads/pdf/Viscosity-classifications(ISO).pdf?msclkid=1361d9f6ceed11ec831912ed20cd32af
www.premiumvials.com,https://www.premiumvials.com/candle-wax/?msclkid=03847a55ceec11ecad693dc9d1be9271
www.premiumvials.com,https://www.premiumvials.com/candle-wax/?msclkid=dd4ff731ceeb11ecae5372216d3c0111
www.premiumvials.com,https://www.premiumvials.com/candle-wax/?msclkid=e7becb48ceeb11ec91fc33f255ad8a86
www.premiumvials.com,https://www.premiumvials.com/candle-wax/?msclkid=f5b59a19ceeb11ec9b33f4ec4e638b4d
www.process.st,https://www.process.st/cgmp-current-good-manufacturing-practices/?msclkid=5f7d1609ceef11ecbe27c4da8997b189
www.progenerica.com,https://www.progenerica.com/products/syringes/?msclkid=2da03d42ceec11ec8d320c2ce8bc7f38
www.recrocdmo.com,https://www.recrocdmo.com/capabilities/facilities-equipment/?msclkid=2f96302dceef11ecb5b5140f92956434
www.researchreportshub.com,https://www.researchreportshub.com/european-pharmaceutical-excipient-market/54620/?msclkid=0183aff6cef211ecba9aefe5d416e927
www.researchreportshub.com,https://www.researchreportshub.com/european-pharmaceutical-excipient-market/54620/?msclkid=102493cbcef211ec9dfafc8942b45a0f
www.researchreportshub.com,https://www.researchreportshub.com/european-pharmaceutical-excipient-market/54620/?msclkid=1c5c0622cef211ecb5a0b76081f71c74
www.researchreportshub.com,https://www.researchreportshub.com/european-pharmaceutical-excipient-market/54620/?msclkid=f7116ceecef111ecba3121e9989f094d
www.roechling.com,https://www.roechling.com/medical/market-segments/pharma/primary-packaging?msclkid=a913994eceed11ec9f50f85aae10f75f
www.rollsroyceforums.com,https://www.rollsroyceforums.com/threads/freezing-capacity.891/?msclkid=cbb376f2cef111ecbee80d233746d5d6
www.sagelynaturals.com,https://www.sagelynaturals.com/?msclkid=36dce061ceee11ec89f93945bf3391ec
www.sagepub.com,https://www.sagepub.com/sites/default/files/upm-binaries/18296_5070_Sumner_Ch01.pdf?msclkid=d1fc05bcceed11eca9c816376746ee01
www.sartorius.com,https://www.sartorius.com/en/applications/biopharmaceutical-manufacturing/bio-conjugation?msclkid=94953055ceeb11ecbfd42d213e1cd48e
www.saxonpackaging.co.uk,https://www.saxonpackaging.co.uk/difference-between-primary-secondary-tertiary-packaging/?msclkid=93079410ceed11ec8da8b638a5b3bc39
www.schott.com,https://www.schott.com/en-gb/products/vials-p1000365?msclkid=e7be8ac9ceeb11ec8388bc122076990f
www.schott.com,https://www.schott.com/en-us/products/vials-p1000365/product-variants?msclkid=e7bde73eceeb11ecb1f4787856b7e5b8
www.schott.com,https://www.schott.com/en-us/products/vials-p1000365/product-variants?msclkid=f5b4ad02ceeb11ec8e258fbf0503c40a
www.sgs.com,https://www.sgs.com/en/health-and-nutrition/health-science/solutions/pharmaceutical-testing?msclkid=449134f0cef111ec963a5e7f99ce05b0
www.sgs.com,https://www.sgs.com/en/health-and-nutrition/health-science/solutions/pharmaceutical-testing?msclkid=53e22608cef111ec8fe368f72832efcc
www.shopify.com,https://www.shopify.com/blog/product-development-process?msclkid=d1fc4ca6ceed11ec8514970ef99924f8
www.shopify.com,https://www.shopify.com/blog/product-development-process?msclkid=de17a051ceed11eca3019a8223c0a98e
www.shopify.com,https://www.shopify.com/blog/product-development-process?msclkid=ea1d3743ceed11ecb7e5a00007e70cab
www.sigmaaldrich.com,https://www.sigmaaldrich.com/IT/it/applications/chemistry-and-synthesis/adc-and-bioconjugation?msclkid=a2003c85ceeb11ec94cdda863b7aeed0
www.sigmaaldrich.com,https://www.sigmaaldrich.com/IT/it/product/roche/03359123001?msclkid=63228ca9cef111ecac4924543c2a85ed
www.sigmaaldrich.com,https://www.sigmaaldrich.com/IT/it/product/sigma/a8582?msclkid=0913c09ecef011ec8d3a8d8f993d5134
www.sigmaaldrich.com,https://www.sigmaaldrich.com/IT/it/product/sigma/d2650?msclkid=368b2d5aceeb11ec8c4c298c03b9447b
www.sigmaaldrich.com,https://www.sigmaaldrich.com/IT/it/product/sigma/g1264?msclkid=1b5a6c7acef011ecb1536b6a03711471
www.sigmaaldrich.com,https://www.sigmaaldrich.com/IT/it/product/sigma/t8154?msclkid=57ccbea3ceeb11ec9efc8cc4e454b274
www.sigmaaldrich.com,https://www.sigmaaldrich.com/deepweb/assets/sigmaaldrich/marketing/global/documents/402/057/syringes_brochure.pdf?msclkid=1f04b02cceec11ec80d95e77db96c4e2
www.sigmaaldrich.com,https://www.sigmaaldrich.com/deepweb/assets/sigmaaldrich/marketing/global/documents/402/057/syringes_brochure.pdf?msclkid=2da0759dceec11ecbcb09c473cc1da7f
www.sigmaaldrich.com,https://www.sigmaaldrich.com/deepweb/assets/sigmaaldrich/marketing/global/documents/402/057/syringes_brochure.pdf?msclkid=3f202ebbceec11ec999550773744a7ad
www.skbp.com,https://www.skbp.com/eng/pipeline/pipeline.do?msclkid=cea2999dceee11ec8f14a3dd6531470d
www.soffieriabertolini.it,https://www.soffieriabertolini.it/vials/?msclkid=ce9170b9ceeb11ec8a6305260765ba60
www.soffieriabertolini.it,https://www.soffieriabertolini.it/vials/?msclkid=dd4f8323ceeb11ec98afa066df269e26
www.soffieriabertolini.it,https://www.soffieriabertolini.it/vials/?msclkid=e7be1920ceeb11ecb33ebc0df460b19c
www.solutions.bocsci.com,https://www.solutions.bocsci.com/bioconjugation.htm?msclkid=94951774ceeb11ec93779e1533b691e8
www.stagebio.com,https://www.stagebio.com/blog/glp-non-glp-whats-the-difference?msclkid=bab45469ceef11ecbad611fe5427c516
www.steril-aire.com,https://www.steril-aire.com/?msclkid=66675559ceeb11eca8e640858b1864eb
www.steril-aire.com,https://www.steril-aire.com/?msclkid=77b7d97eceeb11ecb5fd90485caa18b0
www.suezwatertechnologies.com,https://www.suezwatertechnologies.com/products/analyzers-instruments/sievers-standards-and-vials?msclkid=f5b53f2eceeb11eca1ec7451e38af041
www.sustainabledevelopment.report,https://www.sustainabledevelopment.report/?msclkid=ea1dd8f9ceed11ec99aa4106160a3a40
www.symbiosis-pharma.com,https://www.symbiosis-pharma.com/facility/commercial-scale/?msclkid=04680641ceef11ecad303f2f9702ff64
www.symbiosis-pharma.com,https://www.symbiosis-pharma.com/news/clinical-trial-supply-europe-2022/?msclkid=094debf8ceeb11ecb7dc1e60cb1ebb2a
www.symbiosis-pharma.com,https://www.symbiosis-pharma.com/news/clinical-trial-supply-europe-2022/?msclkid=d7eb8e08ceea11eca223c66cf4ead252
www.symbiosis-pharma.com,https://www.symbiosis-pharma.com/news/clinical-trial-supply-europe-2022/?msclkid=f219296fceea11ec8aa205eb122587a2
www.symbiosis-pharma.com,https://www.symbiosis-pharma.com/services/drug-product-testing/?msclkid=1786574acef111ec8543d7043c48d130
www.takarabio.com,https://www.takarabio.com/products/gene-function/mammalian-expression-plasmids/plasmids-with-selectable-markers?msclkid=1b5a1f99cef011ecb6c992bbc87f5f4b
www.techeng.com.au,https://www.techeng.com.au/projects/pharmaceutical/pharma-product-testing?msclkid=38feaa2acef111ec8c21ab8293dc7461
www.techeng.com.au,https://www.techeng.com.au/projects/pharmaceutical/pharma-product-testing?msclkid=4490ef29cef111ec8ec28d8eed8461ba
www.terumo-europe.com,https://www.terumo-europe.com/en-emea/product-type/needles-syringes?msclkid=3f2079c4ceec11ecb1ee695eec07d99c
www.terumo-europe.com,https://www.terumo-europe.com/en-emea/products/terumo%C2%AE-syringe-3-part-syringe?msclkid=1f045e86ceec11ecbdfbf0864dbf8dcc
www.terumobct.com,https://www.terumobct.com/TSCD-II?msclkid=368b4a28ceeb11eca0b1d021a8634643
www.terumobct.com,https://www.terumobct.com/TSCD-II?msclkid=49ac3c6aceeb11eca69dc396194afc22
www.terumobct.com,https://www.terumobct.com/TSCD-II?msclkid=57ccee2dceeb11ecb2bb98fe8167a922
www.tests.com,https://www.tests.com/practice/NCE-practice-exam?msclkid=7ee93a2eceea11ecb5edbe4433757661
www.tetrapak.com,https://www.tetrapak.com/content/dam/tetrapak/media-box/global/en/processing/technology-area-general/buffering/documents/PD-leaflet%20Tetra%20Pak%20Aseptic%20Tank.pdf?msclkid=6666c9c8ceeb11ecb29bc0f0e816b142
www.thermopedia.com,https://www.thermopedia.com/content/1244/?msclkid=2f2deb1bceed11ecb56b5a5df574cb62
www.thisiscae.com,https://www.thisiscae.com/microsoft_nce/?msclkid=6f7216d1ceea11ecb81d0d48779335d8
www.tiktok.com,https://www.tiktok.com/login?redirect_url=https%3A%2F%2Fwww.tiktok.com%2F%40adnanahmed2042%3Fmsclkid%3D49ac9d7bceeb11ec9dd31b22b499c397&lang=en&enter_method=mandatory
www.tiktok.com,https://www.tiktok.com/login?redirect_url=https%3A%2F%2Fwww.tiktok.com%2F%40adnanahmed2042%3Fmsclkid%3D57cd4fc0ceeb11ecaf0e9a7e2c8d989e&lang=en&enter_method=mandatory
www.tiktok.com,https://www.tiktok.com/login?redirect_url=https%3A%2F%2Fwww.tiktok.com%2F%40adnanahmed2042%3Fmsclkid%3D6667b6a8ceeb11ec89b1cfa3eeee44c9&lang=en&enter_method=mandatory
www.tiktok.com,https://www.tiktok.com/login?redirect_url=https%3A%2F%2Fwww.tiktok.com%2F%40adnanahmed2042%3Fmsclkid%3D77b85400ceeb11eca8833017cb43c222&lang=en&enter_method=mandatory
www.un.org,https://www.un.org/sustainabledevelopment/?msclkid=b63abb62ceed11ec986d7a326d7b52ee
www.unicef.org,https://www.unicef.org/early-childhood-development?msclkid=ea1db6e3ceed11ec8360a0c79f724201
www.us.schott.com,https://www.us.schott.com/shop/pharma/en_US/Vials/c/vials?msclkid=dd4f07b4ceeb11ec999a1c1e7d15d0e7
www.us.schott.com,https://www.us.schott.com/shop/pharma/en_US/Vials/c/vials?msclkid=e7be388dceeb11ecbdc69e7e71e5e352
www.us.schott.com,https://www.us.schott.com/shop/pharma/en_US/Vials/c/vials?msclkid=f5b4ddecceeb11ec91b3ab43b4465d7a
www.velosio.com,https://www.velosio.com/nce/?msclkid=6423989bceea11eca0d9431b1bb5ba9c
www.venuspharmagmbh.de,https://www.venuspharmagmbh.de/product-testing?msclkid=17871d24cef111ec9b9986588ffa533d
www.venuspharmagmbh.de,https://www.venuspharmagmbh.de/product-testing?msclkid=44914f33cef111eca5732e4607f7de71
www.viatris.com,https://www.viatris.com/en?msclkid=a0ab8193ceee11ec9c2d4d4746774485
www.volza.com,https://www.volza.com/imports-spain/spain-import-data-of-drawn+glass+sheets-glass+vial?msclkid=dd4fddf7ceeb11ecb07b0b42dd6edf10
www.wuxibiologics.com,https://www.wuxibiologics.com/mammalian/ds-manufacturing/?msclkid=dba533ffceef11eca19b62153deff949
www.yourway.com,https://www.yourway.com/biopharmaceutical-services/clinical-supply-chain?msclkid=f218e34dceea11ec8c7b5a3be07c9da7
www.zencash.io,http://www.zencash.io/pharmaceutical%20powder%20compaction%20technology%20pdf?msclkid=4a7a53b5cef011ec839f4fe55f1cc97f
www.zencash.io,http://www.zencash.io/pharmaceutical%20powder%20compaction%20technology%20pdf?msclkid=59b5e7efcef011ec960f3cfd70e0ecfe
yamm.finance,https://yamm.finance/wiki/Bioavailability.html?msclkid=5f4ead50ceed11ecbf25606fde9037ec
zeenews.india.com,https://zeenews.india.com/markets/lic-ipo-latest-gmp-subscription-status-on-day-5-should-you-subscribe-to-offer-now-2461401.html?msclkid=4945960aceef11ec8e3d65ab5ac265ca
zeenews.india.com,https://zeenews.india.com/markets/lic-ipo-latest-gmp-subscription-status-on-day-5-should-you-subscribe-to-offer-now-2461401.html?msclkid=52110e47ceef11ecb6763b69163b412c
zeenews.india.com,https://zeenews.india.com/markets/lic-ipo-latest-gmp-subscription-status-on-day-5-should-you-subscribe-to-offer-now-2461401.html?msclkid=71369991ceef11ec9fc09bfcc2fcc17f
zeenews.india.com,https://zeenews.india.com/markets/lic-ipo-latest-gmp-subscription-status-on-day-5-should-you-subscribe-to-offer-now-2461401.html?msclkid=7eb5c3baceef11ecad763aacce625359
